Profile,Stage Name,Full Name,Korean Name,Korean Stage Name,Date of Birth,Group,Country,Second Country,Height,Weight,Birthplace,Other Group,Former Group,Position,Instagram
https://dbkpop.com/idol/taeyeon-girls-generation/,Taeyeon,Kim Taeyeon,김태연,태연,1989-03-09,SNSD,South Korea,,160,44,Jeonju,"TTS, Oh!GG",,"Leader, Main Vocalist",https:/www.instagram.com/taeyeon_ss
,Sunny,Lee Sunkyu,이순규 ,써니,1989-05-15,SNSD,South Korea,,158,43,California,,,,https:/www.instagram.com/svnnynight
,Tiffany,Hwang Miyoung,황미영,티파니,1989-08-01,SNSD,South Korea,USA,163,50,San Francisco,TTS,,,https:/www.instagram.com/xolovestephi
,Hyoyeon,Kim Hyoyeon,김효연,효연,1989-09-22,SNSD,South Korea,,158,48,Incheon,,,,https:/www.instagram.com/watasiwahyo
,Yuri,Kwon Yuri,권유리 ,유리,1989-12-05,SNSD,South Korea,,167,45,Goyang,,,,https:/www.instagram.com/yulyulk
,Sooyoung,Choi Sooyoung,최수영 ,수영 ,1990-02-10,SNSD,South Korea,,170,48,Gwangju,,,,https:/www.instagram.com/hotsootuff
,Yoona,Im Yoona,임윤아 ,윤아,1990-05-30,SNSD,South Korea,,166,47,Seoul,,,,https:/www.instagram.com/yoona__lim
,Seohyun,Seo Joohyun,서주현 ,서현 ,1991-06-28,SNSD,South Korea,,168,48,Seoul,TTS,,,https:/www.instagram.com/seojuhyun_s
,Jessica,Jessica Jung,제시카 정,제시카,1989-04-18,,South Korea,,0,0,,,SNSD,,https:/www.instagram.com/jessica.syj
,CL,Lee Chaerin,이채린,씨엘,1991-02-26,2NE1,South Korea,,0,0,,,,,https:/www.instagram.com/chaelincl
,Bom,Park Bom,박봄,봄,1984-03-24,2NE1,South Korea,,0,0,,,,,https:/www.instagram.com/haroobommi
,Dara,Park Sandara,박산다라,다라,1984-11-12,2NE1,South Korea,,0,0,,,,,https:/www.instagram.com/daraxxi
,Minzy,Kong Minji,공민지,민지,1994-01-18,2NE1,South Korea,,0,0,,,,,https:/www.instagram.com/
,Hyorin,Kim Hyojung,김효정,효린,1990-12-11,SISTAR,South Korea,,0,0,,SISTAR19,,,https:/www.instagram.com/xhyolynx
,Bora,Yoon Bora,윤보라,보라,1989-12-30,SISTAR,South Korea,,0,0,,SISTAR19,,,https:/www.instagram.com/borabora_sugar
,Soyou,Kang Jihyun,강지현,소유,1992-02-12,SISTAR,South Korea,,0,0,,,,,https:/www.instagram.com/soooo_you
,Dasom,Kim Dasom,김다솜,다솜,1993-05-06,SISTAR,South Korea,,0,0,,,,,https:/www.instagram.com/som0506
,Jihyun,Nam Jihyun,남지현,지현,1990-01-09,4minute,South Korea,,167,0,Seoul,,,,https:/www.instagram.com/njh9019
,Gayoon,Heo Gayoon,허가윤,가윤,1990-05-18,4minute,South Korea,,165,0,Seoul,2YOON,,,https:/www.instagram.com/gayoon_heo
,Jiyoon,Jeon Jiyoon,전지윤,지윤,1990-10-15,4minute,South Korea,,165,0,Seoul,2YOON,,,https:/www.instagram.com/jenyerjiyoon
,Hyuna,Kim Hyuna,김현아,현아,1992-06-06,4minute,South Korea,,164,0,Jeolla,,Wonder Girls,,https:/www.instagram.com/hyunah_aa
,Sohyun,Kwon Sohyun,권소현,소현,1994-08-30,4minute,South Korea,,162,0,Seoul,,,,https:/www.instagram.com/kkwonsso_94
https://dbkpop.com/idol/jimin-aoa/,Jimin,Shin Jimin,신지민,지민,1991-01-08,,South Korea,,160,43,Seoul,AOA BLACK,AoA,,https:/www.instagram.com/jiminbaby_18
https://dbkpop.com/idol/choa-aoa/,Choa,Park Choa,박초아,초아,1990-03-06,,South Korea,,160,42,Incheon,,"AoA, AOA BLACK",,https:/www.instagram.com/queenchoa_
https://dbkpop.com/idol/yuna-aoa/,Yuna,Seo Yuna,서유나,유나,1992-12-30,AoA,South Korea,,163,45,Busan,AOA BLACK,,,https:/www.instagram.com/yn_s_1230
,Yookyung,Seo Yookyung,서유경,유경,1993-03-15,,South Korea,,167,48,,,AOA BLACK,,https:/www.instagram.com/
https://dbkpop.com/idol/hyejeong-aoa/,Hyejeong,Shin Hyejeong,신혜정,혜정,1993-08-10,AoA,South Korea,,170,48,Seoul,,,,https:/www.instagram.com/dongdong810
https://dbkpop.com/idol/mina-aoa/,Mina,Kwon Mina,권민아,민아,1993-09-21,,South Korea,,159,43,Busan,,"AOA, AOA BLACK",,https:/www.instagram.com/kvwowv
https://dbkpop.com/idol/seolhyun-aoa/,Seolhyun,Kim Seolhyun,김설현,설현,1995-01-03,AoA,South Korea,,167,47,Bucheon,,,,https:/www.instagram.com/sh_9513
https://dbkpop.com/idol/chanmi-aoa/,Chanmi,Kim Chanmi,김찬미,찬미,1996-06-19,AoA,South Korea,,166,47,Gumi,,,,https:/www.instagram.com/chanmi_96a
https://dbkpop.com/idol/sojin-girls-day/,Sojin,Park Sojin,박소진,소진,1986-05-21,Girl's Day,South Korea,,167,47,Daegu,,,,https:/www.instagram.com/ssozi_sojin
https://dbkpop.com/idol/yura-girls-day/,Yura,Kim Ahyoung,김아영,유라,1992-11-06,Girl's Day,South Korea,,168,49,Ulsan,,,,https:/www.instagram.com/yura_936
https://dbkpop.com/idol/minah-girls-day/,Minah,Bang Minah,방민아,민아,1993-05-13,Girl's Day,South Korea,,165,47,Incheon,,,,https:/www.instagram.com/bbang_93
https://dbkpop.com/idol/hyeri-girls-day/,Hyeri,Lee Hyeri,이혜리,혜리,1994-06-09,Girl's Day,South Korea,,167,46,Gwangju,,,,https:/www.instagram.com/hyeri_0609
,Jea,Kim Hyojin,김효진,제아,1981-09-18,Brown Eyed Girls,South Korea,,0,0,,,,,https:/www.instagram.com/jeaworld
,Miryo,Jo Mihye,조미혜,미료,1981-11-02,Brown Eyed Girls,South Korea,,0,0,,,,,https:/www.instagram.com/miryoakajohoney
,Narsha,Park Hyojin,박효진,나르샤,1981-12-28,Brown Eyed Girls,South Korea,,0,0,,,,,https:/www.instagram.com/narsha81
,Gain,Son Gain,손가인,가인,1987-09-20,Brown Eyed Girls,South Korea,,0,0,,,,,https:/www.instagram.com/songain87
https://dbkpop.com/idol/chorong-apink/,Chorong,Park Chorong,박초롱,초롱,1991-03-03,Apink,South Korea,,165,0,Chungwongoon,,,,https:/www.instagram.com/mulgokizary
https://dbkpop.com/idol/bomi-apink/,Bomi,Yoon Bomi,윤보미,보미,1993-08-13,Apink,South Korea,,163,0,Suwon,,,,https:/www.instagram.com/
https://dbkpop.com/idol/eunji-apink/,Eunji,Jung Eunji,정은지,은지,1993-08-18,Apink,South Korea,,163,0,Busan,,,,https:/www.instagram.com/artist_eunji
https://dbkpop.com/idol/naeun-apink/,Naeun,Son Naeun,손나은,나은,1994-02-10,Apink,South Korea,,168,0,Seoul,,,,https:/www.instagram.com/marcella_the_naeun
https://dbkpop.com/idol/namjoo-apink/,Namjoo,Kim Namjoo,김남주,남주,1995-04-15,Apink,South Korea,,165,0,Seoul,,,,https:/www.instagram.com/sarangdungy
https://dbkpop.com/idol/hayoung-apink/,Hayoung,Oh Hayoung,오하영,하영,1996-07-19,Apink,South Korea,,167,0,Seoul,,,,https:/www.instagram.com/o_h_y_y
https://dbkpop.com/idol/solji-exid/,Solji,Heo Solji,허솔지,솔지,1989-01-10,EXID,South Korea,,170,0,Seongnam,,,,https:/www.instagram.com/soul.g_heo
https://dbkpop.com/idol/le-exid/,LE,Ahn Hyejin,안효진,엘리,1991-12-10,EXID,South Korea,,168,0,Cheonan,,,,https:/www.instagram.com/x_xellybabyx
https://dbkpop.com/idol/hani-exid/,Hani,Ahn Hee-yeon,안희연,하니,1992-05-01,EXID,South Korea,,168,0,Seoul,,,,https:/www.instagram.com/ahnhani_92
https://dbkpop.com/idol/hyerin-exid/,Hyerin,Seo Hyerin,서혜린,혜린,1993-08-23,EXID,South Korea,,165,0,Gwangju,,,,https:/www.instagram.com/hyeliniseo
https://dbkpop.com/idol/junghwa-exid/,Junghwa,Park Junghwa,박정화,정화,1995-05-08,EXID,South Korea,,169,0,Anyang,,EXID,,https:/www.instagram.com/jeonghwa_0508
,Hyeyeon,Kang Hyeyeon,강혜연,혜연,1990-12-08,BESTie,South Korea,,0,0,,,EXID,,https:/www.instagram.com/hyeyeon_2
,Uji,Jang Yuji,정유지,유지,1991-01-02,,South Korea,,0,0,,,"EXID, BESTie",,https:/www.instagram.com/yudi_didi
,Dahye,Song Dahye,송다혜,다혜,1993-06-12,,South Korea,,0,0,,,"EXID, BESTie",,https:/www.instagram.com/dahye0612
,Haeryeong,Na Haeryeong,나해령,해령,1994-11-11,BESTie,South Korea,,0,0,,,,,https:/www.instagram.com/bestie_hr
https://dbkpop.com/idol/yubin-wonder-girls/,Yubin,Kim Yubin,김유빈,유빈,1988-10-04,Wonder Girls,South Korea,,163,0,Gwangju,,,,https:/www.instagram.com/
https://dbkpop.com/idol/yeeun-wonder-girls/,Yenny,Park Yeeun,박예은,예은,1989-05-26,Wonder Girls,South Korea,,165,0,Goyang,,,,https:/www.instagram.com/hatfelt
https://dbkpop.com/idol/sunmi-wonder-girls/,Sunmi,Lee Sunmi,이선미,선미,1992-05-02,Wonder Girls,South Korea,,167,0,Iksan,,,,https:/www.instagram.com/miyayeah
https://dbkpop.com/idol/hyerim-wonder-girls/,Hyerim,Woo Hyerim,우혜림,혜림 ,1992-09-01,Wonder Girls,South Korea,,167,0,Seoul,,,,https:/www.instagram.com/wg_lim
,Fei,Wang FeiFei,왕페이페이,페이,1987-04-27,miss A,China,,165,0,Haikou,,,,https:/www.instagram.com/ff0427
,Jia,Meng Jia,멍지아,지아,1989-02-03,miss A,China,,166,0,Changja,,,,https:/www.instagram.com/mjbaby0203
,Min,Lee Minyoung,이민영,민,1991-06-21,miss A,South Korea,,161,0,Seoul,,,,https:/www.instagram.com/therealminnn
,Suzy,Bae Suji,배수지,수지,1994-10-10,miss A,South Korea,,168,0,Gwangju,,,,https:/www.instagram.com/skuukzky
,Jamie,Park Jimin,박지민,박지민,1997-07-05,15&,South Korea,,160,0,Junggu,,,,https:/www.instagram.com/jiminxjamie
,Yerin,Baek Yerin,백예린,백예린,1997-06-26,15&,South Korea,,165,0,Daejeon,,,,https:/www.instagram.com/yerinb
https://dbkpop.com/idol/jihyo/,Jihyo,Park Jisoo,박지수,지효,1997-02-01,Twice,South Korea,,162,0,Guri,,,"Leader, Main Vocal",https:/www.instagram.com/
https://dbkpop.com/idol/nayeon/,Nayeon,Im Nayeon,임나연,나연,1995-09-22,Twice,South Korea,,163,0,Seoul,,,,https:/www.instagram.com/
https://dbkpop.com/idol/jeongyeon/,Jeongyeon,Yoo Jeongyeon,유정연,정연,1996-11-01,Twice,South Korea,,168,0,Suwon,,,,https:/www.instagram.com/
https://dbkpop.com/idol/momo/,Momo,Hirai Momo,히라이 모모,모모,1996-11-09,Twice,Japan,,167,0,Kyoto,,,,https:/www.instagram.com/
https://dbkpop.com/idol/sana/,Sana,Minatozaki Sana,미나토자키 사나,사나,1996-12-29,Twice,Japan,,168,0,Osaka,,,,https:/www.instagram.com/
https://dbkpop.com/idol/mina-twice/,Mina,Myoui Mina,묘이 미나, 미나,1997-03-24,Twice,Japan,,163,0,San Antonio,,,,https:/www.instagram.com/
https://dbkpop.com/idol/dahyun/,Dahyun,Kim Dahyun,김다현,다현,1998-05-28,Twice,South Korea,,165,0,Seongnam,,,,https:/www.instagram.com/
https://dbkpop.com/idol/chaeyoung/,Chaeyoung,Son Chaeyoung,손채영,채영,1999-04-23,Twice,South Korea,,159,0,Seoul,,,,https:/www.instagram.com/
https://dbkpop.com/idol/tzuyu/,Tzuyu,Chou Tzuyu,저우쯔위,쯔위,1999-06-14,Twice,Taiwan,,169,0,Tainan,,,,https:/www.instagram.com/
https://dbkpop.com/idol/seunghee-clc/,Seunghee,Oh Seunghee,오승희,승희,1995-10-10,CLC,South Korea,,163,0,Gwangju,,,,https:/www.instagram.com/
https://dbkpop.com/idol/yujin-clc/,Yujin,Choi Yujin,최유진,유진,1996-08-12,Kep1er,South Korea,,164,0,Jeonju,,CLC,,https:/www.instagram.com/
https://dbkpop.com/idol/seungyeon-clc/,Seungyeon,Jang Seunyeon,장승연,승연,1996-11-06,CLC,South Korea,,163,0,Seongnam,,,,https:/www.instagram.com/
https://dbkpop.com/idol/sorn-clc/,Sorn,Chonnasorn Sajakul,촌나손 사짜꾼,손,1996-11-18,CLC,Thailand,,164,0,Bangkok,,,,https:/www.instagram.com/
https://dbkpop.com/idol/yeeun-clc/,YeeEun,Jang Yeeun,장예은,예은,1998-08-10,CLC,South Korea,,166,0,Dongducheon,,,,https:/www.instagram.com/
,Hyuna,Moon Hyuna,문현아,현아,1987-01-19,,South Korea,,172,50,Yeosu,,9Muses,,https:/www.instagram.com/moongom119
,Euaerin,Lee Hyemin,이혜민,이유애린,1988-05-03,,South Korea,,174,48,Seoul,,9Muses,,https:/www.instagram.com/
,Sungah,Son Sungah,손성아,성아,1989-07-08,9Muses,South Korea,Fiji,172,48,Suma,,,,https:/www.instagram.com/ssungahhbaby
,Kyungri,Park Kyungri,박경리,경리,1990-07-05,9Muses,South Korea,,170,50,Busan,9MUSES A,,,https:/www.instagram.com/gyeongree
,Hyemi,Pyo Hyemi,표혜미,혜미,1991-04-03,9Muses,South Korea,,171,46,Gwangju,9MUSES A,,,https:/www.instagram.com/pyopyohyemi
,Minha,Park Minha,박민하,민하,1991-06-27,,South Korea,,172,47,Seoul,,9Muses,,https:/www.instagram.com/blossomh_
,Sojin,Jo Sojin,조소진,소진,1991-10-11,9Muses,South Korea,,170,47,Gwangju,9MUSES A,,,https:/www.instagram.com/josojin_1011
,Keumjo,Lee Keumjo,이금조,금조,1992-12-17,9Muses,South Korea,,167,48,Daegu,9MUSES A,,,https:/www.instagram.com/keumjo_1217
https://dbkpop.com/idol/sowon/,Sowon,Kim Sojung,김소정,소원,1995-12-07,Gfriend,South Korea,,172,0,Seoul,,,,https:/www.instagram.com/
https://dbkpop.com/idol/yerin/,Yerin,Jung Yerin,정예린,예린,1996-08-19,Gfriend,South Korea,,167,0,Incheon,,,,https:/www.instagram.com/
https://dbkpop.com/idol/eunha/,Eunha,Jung Eunbi,정은비,은하,1997-05-30,VIVIZ,South Korea,,163,0,Seoul,,Gfriend,,https:/www.instagram.com/
https://dbkpop.com/idol/yuju/,Yuju,Choi Yuna,최유나,유주,1997-10-04,Gfriend,South Korea,,169,0,Goyang,,,,https:/www.instagram.com/
https://dbkpop.com/idol/sinb/,SinB,Hwang Eunbi,황은비 ,신비,1998-06-03,VIVIZ,South Korea,,165,0,Cheongju,,Gfriend,,https:/www.instagram.com/
https://dbkpop.com/idol/umji/,Umji,Kim Yewon,김예원,엄지,1998-08-19,VIVIZ,South Korea,,163,0,Incheon,,Gfriend,,https:/www.instagram.com/
,Victoria,Song Qian,송치엔,빅토리아,1987-02-02,f(x),China,,168,45,Qingdao,,,,https:/www.instagram.com/victoria02_02
,Amber,Amber Josephine Liu,엠버 조세핀 리우,엠버,1992-09-18,f(x),USA,Taiwan,167,0,Los Angeles,,,,https:/www.instagram.com/ajol_llama
,Luna,Park Sunyoung,박선영,루나,1993-08-12,f(x),South Korea,,162,0,Seoul,,,,https:/www.instagram.com/hermosavidaluna
,Krystal,Krystal Jung,크리스탈 정,크리스탈,1994-10-24,f(x),South Korea,,165,0,San Francisco,,,,https:/www.instagram.com/vousmevoyez
https://dbkpop.com/idol/irene-red-velvet/,Irene,Bae Juhyun,배주현,아이린,1991-03-29,Red Velvet,South Korea,,161,0,Daegu,Red Velvet - IRENE SEULGI,,,https:/www.instagram.com/
https://dbkpop.com/idol/seulgi-red-velvet/,Seulgi,Kang Seulgi,강슬기,슬기,1994-02-10,Red Velvet,South Korea,,162,0,Seoul,Red Velvet - IRENE SEULGI,,,https:/www.instagram.com/
https://dbkpop.com/idol/wendy-red-velvet/,Wendy,Son Seunghwan,손승완,웬디,1994-02-21,Red Velvet,South Korea,,160,0,Seoul,,,,https:/www.instagram.com/
https://dbkpop.com/idol/joy-red-velvet/,Joy,Park Sooyoung,박수영,조이,1996-09-03,Red Velvet,South Korea,,163,0,Jeju,,,,https:/www.instagram.com/
https://dbkpop.com/idol/yeri-red-velvet/,Yeri,Kim Yerim,김예림,예리,1999-03-05,Red Velvet,South Korea,,158,0,Seoul,,,,https:/www.instagram.com/
,BoA,Kwon Boa,권보아,보아,1986-11-05,,South Korea,,0,0,Guri,,,,https:/www.instagram.com/boakwon
,Ailee,Lee Yejin,이예진,에일리,1989-05-30,,South Korea,USA,165,0,Denver,,,,https:/www.instagram.com/aileeonline
,G.NA,Gina Jane Choi,최지나,지나,1987-09-13,,Canada,South Korea,167,0,Edmonton,,,,https:/www.instagram.com/missginachoi87
,Taeha,Yoo Taeha,유태하,태하,1995-10-05,,South Korea,,162,0,,,Berry Good,,https:/www.instagram.com/
,Seoyul,Seo Yuri,서유리,서율,1997-11-26,Berry Good,South Korea,,163,0,,,,,https:/www.instagram.com/
,Daye,Kim Hyunjung,김현정,다예,1998-02-25,Berry Good,South Korea,,167,0,,,,,https:/www.instagram.com/
,Sehyung,Kang Sehyung,강세형,세형,1998-12-13,Berry Good,South Korea,,169,0,,,,,https:/www.instagram.com/
,Gowoon,Moon Joojeong,문유정,고운,1998-12-18,Berry Good,South Korea,,167,0,,,,,https:/www.instagram.com/
,Hyangsuk,Lee Hyangsuk,이향숙,향숙,1991-04-24,2EYES,South Korea,,165,0,Seoul,,,,https:/www.instagram.com/baby_sook
,Daeun,Jung Daeun,정다은,정다은,1994-06-03,2EYES,South Korea,,161,0,Bucheon,,,,https:/www.instagram.com/da.ni_jung
,Dasom,Lee Dasom,이다솜,다솜,1993-11-13,2EYES,South Korea,,164,0,Cheongju,,,,https:/www.instagram.com/
,Hyerin,Kim Hyerin,김혜린,혜린,1993-06-13,2EYES,South Korea,,170,0,Seoul,,,,https:/www.instagram.com/hyelyn0723
,IU,Lee Jieun,이지은,아이유,1993-05-16,,South Korea,,162,0,Seoul,,,,https:/www.instagram.com/dlwlrma
,Jei,Kim Jinhee,김진희,재이,1989-09-05,Fiestar,South Korea,,162,0,Bucheon,,,,https:/www.instagram.com/kimjeii
,Cao Lu,Cao Lu,차오루,차오루,1987-08-30,Fiestar,China,,166,0,Zhangjiajie,,,,https:/www.instagram.com/better_me_lulu
,Linzy,Im Minji,임민지,린지,1989-10-22,Fiestar,South Korea,,168,0,Incheon,,,,https:/www.instagram.com/linzy_minji
,Hyemi,Kim Hyemi,김혜미,혜미,1990-08-10,Fiestar,South Korea,,161,0,Seoul,,,,https:/www.instagram.com/hyemi_haaaaam
,Yezi,Lee Yeji,이예지,예지,1994-08-26,Fiestar,South Korea,,161,0,Gangneung,,,,https:/www.instagram.com/-
https://dbkpop.com/idol/hana-gugudan/,Hana,Shin Bora,신보라,하나,1993-04-30,Gugudan,South Korea,,0,0,,,,,https:/www.instagram.com/
https://dbkpop.com/idol/mimi-gugudan/,Mimi,Jung Mimi,정미미,미미,1993-01-01,Gugudan,South Korea,,163,0,,,,,https:/www.instagram.com/
https://dbkpop.com/idol/haebin-gugudan/,Haebin,Han Haebin,한해빈,해빈,1995-08-16,Gugudan,South Korea,,0,0,,,,,https:/www.instagram.com/
https://dbkpop.com/idol/nayoung-gugudan/,Nayoung,Kim Nayoung,김나영,나영,1995-11-23,Gugudan,South Korea,,169,50,,,,,https:/www.instagram.com/
https://dbkpop.com/idol/sejeong-gugudan/,Sejeong,Kim Sejeong,김세정,세정,1996-08-28,Gugudan,South Korea,,164,48,,,I.O.I,,https:/www.instagram.com/
https://dbkpop.com/idol/sally-gugudan/,Sally,Liu Xiening,류셰닝,샐리,1996-10-23,Gugudan,China,,0,0,Guangdong,,,,https:/www.instagram.com/
https://dbkpop.com/idol/soyee-gugudan/,Soyee,Jang Sojin,장소진,소이,1996-11-21,Gugudan,South Korea,,0,0,,,,,https:/www.instagram.com/
https://dbkpop.com/idol/mina-gugudan/,Mina,Kang Mina,강미나,미나,1999-12-04,Gugudan,South Korea,,162,48,Icheon,Gugudan Oguogu,I.O.I,,https:/www.instagram.com/
https://dbkpop.com/idol/hyeyeon-gugudan/,Hyeyeon,Cho Hyeyeon,조혜연,혜연,2000-08-05,,South Korea,,0,0,,Gugudan Oguogu,Gugudan,,https:/www.instagram.com/
https://dbkpop.com/idol/hyojung/,Hyojung,Choi Hyojung,최효정,효정,1994-07-28,Oh My Girl,South Korea,,160,46,Yangyang,,,,https:/www.instagram.com/
https://dbkpop.com/idol/jine/,JinE,Shin Hyejin,신혜진,진이,1995-01-22,,South Korea,,160,48,Pohang,,Oh My Girl,,https:/www.instagram.com/
https://dbkpop.com/idol/mimi/,Mimi,Kim Mihyun,김미현,미미,1995-05-01,Oh My Girl,South Korea,,163,50,Jeju,,,,https:/www.instagram.com/
https://dbkpop.com/idol/yooa/,Yooa,Yoo Siah,유시아,유아,1995-09-17,Oh My Girl,South Korea,,160,50,Seoul,,,,https:/www.instagram.com/
https://dbkpop.com/idol/seunghee-oh-my-girl/,Seunghee,Hyun Seunghee,현승희,승희,1996-01-25,Oh My Girl,South Korea,,160,48,Chuncheon,,,,https:/www.instagram.com/
https://dbkpop.com/idol/jiho/,Jiho,Kim Jiho,김지호,지호,1997-04-04,Oh My Girl,South Korea,,165,49,Okcheon,,,,https:/www.instagram.com/
https://dbkpop.com/idol/binnie/,Binnie,Bae Yubin,배유빈,비니,1997-09-09,Oh My Girl,South Korea,,161,49,Chuncheon,,,,https:/www.instagram.com/
https://dbkpop.com/idol/arin/,Arin,Choi Yewon,최예원,아린,1999-06-18,Oh My Girl,South Korea,,163,47,Busan,,,,https:/www.instagram.com/
https://dbkpop.com/idol/babysoul-lovelyz/,Babysoul,Lee Soojung,이수정,베이비소울,1992-07-06,Lovelyz,South Korea,,158,41,Gwangju,,,Leader,https:/www.instagram.com/
https://dbkpop.com/idol/jiae-lovelyz/,Jiae,Yoo Jiae,유지애,지애,1993-05-21,Lovelyz,South Korea,,163,43,Seoul,,,,https:/www.instagram.com/
https://dbkpop.com/idol/jisoo-lovelyz/,Jisoo,Seo Jisoo,서지수,지수,1994-02-11,Lovelyz,South Korea,,165,46,Incheon,,,,https:/www.instagram.com/
https://dbkpop.com/idol/mijoo-lovelyz/,Mijoo,Lee Mijoo,이미주,미주,1994-09-23,Lovelyz,South Korea,,167,47,Okcheon,,,,https:/www.instagram.com/
https://dbkpop.com/idol/kei-lovelyz/,Kei,Kim Jiyeon,김지연,케이,1995-03-20,Lovelyz,South Korea,,162,47,Incheon,,,,https:/www.instagram.com/
https://dbkpop.com/idol/jin-lovelyz/,JIN,Park Myungeun,박명은,진,1996-06-12,Lovelyz,South Korea,,165,47,Busan,,,,https:/www.instagram.com/
https://dbkpop.com/idol/sujeong-lovelyz/,Sujeong,Ryu Sujeong,류수정,수정,1997-11-19,Lovelyz,South Korea,,168,48,Daejeon,,,,https:/www.instagram.com/
https://dbkpop.com/idol/yein-lovelyz/,Yein,Jeong Yein,정예인,예인,1998-06-04,Lovelyz,South Korea,,166,0,Incheon,,,,https:/www.instagram.com/
https://dbkpop.com/idol/yujeong-laboum/,Yujeong,Kim Yujeong,김유정,유정,1992-02-14,,South Korea,,161,42,Seoul,,LABOUM,Leader,https:/www.instagram.com/
https://dbkpop.com/idol/soyeon-laboum/,Soyeon,Jung Soyeon,정소연,소연,1994-05-04,LABOUM,South Korea,,161,44,Gwangju,,,Main Vocalist,https:/www.instagram.com/
https://dbkpop.com/idol/zn-laboum/,ZN,Bae Jinye,배진예,지엔,1994-06-09,LABOUM,South Korea,,169,48,Bucheon,UNI.T,,Main Dancer,https:/www.instagram.com/
https://dbkpop.com/idol/haein-laboum/,Haein,Yeom Haein,염해인,해인,1995-05-19,LABOUM,South Korea,,162,45,Ojeonggu,,,Lead Dancer,https:/www.instagram.com/
https://dbkpop.com/idol/solbin-laboum/,Solbin,Ahn Solbin,안솔빈,솔빈,1997-08-19,LABOUM,South Korea,,169,52,Ojeonggu,,,Visual,https:/www.instagram.com/
https://dbkpop.com/idol/yulhee-laboum/,Yulhee,Kim Yulhee,김율희,율희,1997-11-27,,South Korea,,166,52,Bucheon,,LABOUM,Main Rapper,https:/www.instagram.com/
https://dbkpop.com/idol/boram/,Boram,Jeon Boram,전보람,보람,1986-03-22,,South Korea,,155,45,Seoul,,T-ara,,https:/www.instagram.com/bo_ram_0322
https://dbkpop.com/idol/qri/,Qri,Lee Jihyun,이지현,큐리,1986-12-12,T-ara,South Korea,,162,44,Goyang,,,,https:/www.instagram.com/qtfreet
https://dbkpop.com/idol/soyeon/,Soyeon,Park Soyeon,박소연,소연,1987-10-05,,South Korea,,163,46,Andong,,T-ara,,https:/www.instagram.com/melodysoyani
https://dbkpop.com/idol/eunjung/,Eunjung,Ham Eunjung,함은정,은정,1988-12-12,T-ara,South Korea,,167,47,Seoul,,,,https:/www.instagram.com/sweetgirl_eunjung
https://dbkpop.com/idol/hyomin/,Hyomin,Park Sunyoung,박선영,효민,1989-05-30,T-ara,South Korea,,167,43,Busan,,,,https:/www.instagram.com/hyominnn
https://dbkpop.com/idol/jiyeon/,Jiyeon,Park Jiyeon,박지연,지연,1993-06-07,T-ara,South Korea,,167,45,Seoul,,,,https:/www.instagram.com/jiyeon2__
https://dbkpop.com/idol/solar-mamamoo/,Solar,Kim Yongsun,김용선,솔라,1991-02-21,Mamamoo,South Korea,,163,43,Seoul,,,Leader,https:/www.instagram.com/
,Moonbyul,Moon Byulyi,문별이,문별,1992-12-22,Mamamoo,South Korea,,165,45,Bucheon,,,Main Rapper,https:/www.instagram.com/
,Wheein,Jung Wheein,정휘인,휘인,1995-04-17,Mamamoo,South Korea,,162,43,Jeonju,,,Lead Vocalist,https:/www.instagram.com/
,Hwasa,Ahn Hyejin,안혜진,화사,1995-07-23,Mamamoo,South Korea,,162,44,Jeonju,,,Lead Vocalist,https:/www.instagram.com/
https://dbkpop.com/idol/yeoeun-melodyday/,Yeoeun,Jung Jieun,정지은,여은,1990-01-25,MELODYDAY,South Korea,,169,0,,,,Leader,https:/www.instagram.com/yeosilver
https://dbkpop.com/idol/yein-melodyday/,Yein,Ahn Yein,안예인,예인,1995-05-04,MELODYDAY,South Korea,,168,0,,,,Lead Vocalist,https:/www.instagram.com/yen_thankful954
https://dbkpop.com/idol/chahee-melodyday/,Chahee,Park Sooyoung,박수영,차희,1996-03-24,MELODYDAY,South Korea,,167,0,,,,Sub Vocalist,https:/www.instagram.com/hichaheebye
https://dbkpop.com/idol/yoomin-melodyday/,Yoomin,Na Yoomin,나유민,유민,1993-08-29,MELODYDAY,South Korea,,165,0,,,,Main Rapper,https:/www.instagram.com/im.umin
https://dbkpop.com/idol/elkie-clc/,Elkie,Chong Ting Yan,쫑딩얀,엘키,1998-11-02,,Hong Kong,,163,45,Hong Kong,,CLC,,https:/www.instagram.com/
https://dbkpop.com/idol/eunbin-clc/,Eunbin,Kwon Eunbin,권은빈,은빈,2000-01-06,CLC,South Korea,,167,48,Seoul,,,,https:/www.instagram.com/
https://dbkpop.com/idol/jisoo-blackpink/,Jisoo,Kim Jisoo,김지수,지수,1995-01-03,BLACKPINK,South Korea,,162,45,Seoul,,,,https:/www.instagram.com/
https://dbkpop.com/idol/jennie-blackpink/,Jennie,Kim Jennie,김제니,제니,1996-01-16,BLACKPINK,South Korea,,163,50,Anyang,,,,https:/www.instagram.com/
https://dbkpop.com/idol/rose-blackpink/,Rosé,Roseanne Park,로잔느 박,로제,1997-02-11,BLACKPINK,South Korea,,167,0,Auckland,,,,https:/www.instagram.com/
https://dbkpop.com/idol/lisa-blackpink/,Lisa,Pranpriya Manoban,쁘란쁘리야 마노반,리사,1997-03-27,BLACKPINK,Thailand,,170,46,Bangkok,,,,https:/www.instagram.com/
,Hyeji,Jeong Hyeji,정혜지,혜지,1992-04-02,4TEN,South Korea,,0,0,Seoul,,,,https:/www.instagram.com/
,Heeo,Gwak Heeoh,곽히오,히오,1994-05-02,4TEN,South Korea,,0,0,,,,,https:/www.instagram.com/
,Yoon,Heo Yoon,허윤,윤,1994-09-23,4TEN,South Korea,,0,0,,,,,https:/www.instagram.com/
,Hyejin,Baek Hyejin,백혜진,혜진,1996-11-21,4TEN,South Korea,,0,0,Sacheon,,,,https:/www.instagram.com/
,Uee,Kim Yujin,김유진,유이,1988-04-09,,South Korea,,0,0,Daegu,,After School,,https:/www.instagram.com/
,Raina,Oh Hyerin,오혜린,레이나,1989-05-07,After School,South Korea,,0,0,Ulsan,Orange Caramel,,,https:/www.instagram.com/raina_57
,Nana,Im Jinah,임진아,나나,1991-09-14,After School,South Korea,,0,0,Cheongju,Orange Caramel,,,https:/www.instagram.com/jin_a_nana
,Lizzy,Park Sooyoung,박수영,리지,1992-07-31,After School,South Korea,,0,0,Busan,Orange Caramel,,,https:/www.instagram.com/luvlyzzy
,E-Young,Noh Yiyoung,노이영,이영,1992-08-16,After School,South Korea,,0,0,Chuncheon,,,,https:/www.instagram.com/e_young0816
,Kaeun,Lee Kaeun,이가은,가은,1994-08-20,After School,South Korea,,0,0,Seoul,,,,https:/www.instagram.com/realkkaaanngg
,Kahi,Park Jiyoung,박지영,가희,1980-12-25,,South Korea,,0,0,Daegu,,After School,,https:/www.instagram.com/imisskahi
,Jooyeon,Lee Jooyeon,이주연,주연,1987-03-19,,South Korea,,0,0,Seoul,,After School,,https:/www.instagram.com/jupppal
,Jungah,Kim Jungah,김정아,정아,1983-08-02,,South Korea,,0,0,Incheon,,After School,,https:/www.instagram.com/i_am_jjunga
,Soyoung,Yoo Soyoung,유소영,소영,1996-03-29,,South Korea,,0,0,Seoul,,After School,,https:/www.instagram.com/ssossolovely
,Bekah,Rebecca Kim,김레베카,베카,1989-08-11,,South Korea,USA,0,0,Honolulu,,After School,,https:/www.instagram.com/
https://dbkpop.com/idol/chaewon-april/,Chaewon,Kim Chaewon,김채원,채원,1997-11-08,APRIL,South Korea,,0,0,Gongju,,,,https:/www.instagram.com/
https://dbkpop.com/idol/naeun-april/,Naeun,Lee Naeun,이나은,나은,1999-05-05,APRIL,South Korea,,0,0,Daejeon,,,,https:/www.instagram.com/
https://dbkpop.com/idol/yena-april/,Yena,Yang Yena,양예나,예나,2000-05-22,APRIL,South Korea,,0,0,Daegu,,,,https:/www.instagram.com/
https://dbkpop.com/idol/jinsol-april/,Jinsol,Lee Jinsol,이진솔,진솔,2001-12-04,APRIL,South Korea,,0,0,Andong,,,,https:/www.instagram.com/
,Hyunjoo,Lee Hyunjoo,이현주,현주,1998-02-05,UNI.T,South Korea,,0,0,Seoul,,APRIL,,https:/www.instagram.com/
,Monika,Kang Yeh,강예,모니카,1991-05-21,BADKIZ,South Korea,,0,0,Seoul,,,,https:/www.instagram.com/maygirl_nika
,LuA,Jo Hankyeung,조한경,루아,1991-09-14,BADKIZ,South Korea,,0,0,Busan,,,,https:/www.instagram.com/
,K.Me,Na Miri,나미리,케이미,1992-04-10,BADKIZ,South Korea,,0,0,Yeosu,,,,https:/www.instagram.com/k.me93
,Somin,Jang Somin,장소민,소민,1993-11-10,BADKIZ,South Korea,,0,0,Gwangmyeon,,,,https:/www.instagram.com/somin.92
,U-Si,Yoo Jiyeon,윤지연,유시,1997-11-13,BADKIZ,South Korea,,0,0,Iksan,,,,https:/www.instagram.com/_u_si
,Gabin,Kim Gabin,김가빈,가빈,1989-09-18,Blady,South Korea,,0,0,Busan,,,,https:/www.instagram.com/_kimgabin
,Dayoung,Kim Dayoung,김다영,다영,1991-02-02,Blady,South Korea,,0,0,Jeonju,,,,https:/www.instagram.com/loloola22_
,Giru,Park Giru,박기루,기루,1991-08-14,Blady,South Korea,,0,0,Incheon,,,,https:/www.instagram.com/giru_p
,Tina,Christine Joy Park,크리스틴 조이 박,티나,1994-09-01,Blady,USA,South Korea,0,0,Los Angeles,,,,https:/www.instagram.com/nuhmootina
,Yeeun,Hwang Yeeun,황예은,예은,1997-01-12,Blady,South Korea,,0,0,Gimhae,,,,https:/www.instagram.com/yeeuneeeee_
https://dbkpop.com/idol/minyoung-brave-girls/,Minyoung,Kim Minyeong,김민영,민영,1990-09-12,Brave Girls,South Korea,,0,0,Seongnam,,,,https:/www.instagram.com/
https://dbkpop.com/idol/yujeong-brave-girls/,Yujeong,Nam Yujeong,남유정,유정,1991-05-02,Brave Girls,South Korea,,0,0,Seoul,,,,https:/www.instagram.com/
https://dbkpop.com/idol/eunji-brave-girls/,Eunji,Hong Eunji,홍은지,은지,1992-07-19,Brave Girls,South Korea,,0,0,Seoul,,,,https:/www.instagram.com/
,Yoojin,Jang Yoojin,정유진,유진,1992-09-14,,South Korea,,0,0,,,Brave Girls,,https:/www.instagram.com/yoojinbabe
https://dbkpop.com/idol/yuna-brave-girls/,Yuna,Lee Yuna,이유나,유나,1993-04-06,Brave Girls,South Korea,,0,0,Seoul,,,,https:/www.instagram.com/
,Hyeran,Noh Hyeran,노혜란,혜란,1993-04-09,,South Korea,,0,0,,,Brave Girls,,https:/www.instagram.com/hrannnoh
https://dbkpop.com/idol/hayun-brave-girls/,Hayun,Lee Hayun,이하윤,하윤,1994-08-29,,South Korea,,0,0,Changwon,,Brave Girls,,https:/www.instagram.com/hayoon.y
https://dbkpop.com/idol/bona-wjsn/,Bona,Kim Jiyeon,김지연,보나,1995-08-19,Cosmic Girls,South Korea,,163,0,Daegu,WJSN The Black,,,https:/www.instagram.com/
https://dbkpop.com/idol/cheng-xiao-wjsn/,Cheng Xiao,Cheng Xiao,청샤오,성소,1998-07-15,Cosmic Girls,China,,167,0,Shenzhen,,,,https:/www.instagram.com/chengxiao_0715
https://dbkpop.com/idol/dayoung-wjsn/,Dayoung,Im Dayoung,임다영,다영,1999-05-14,Cosmic Girls,South Korea,,161,0,Jeju,WJSN Chocome,,,https:/www.instagram.com/
https://dbkpop.com/idol/xuan-yi-wjsn/,Xuanyi,Wu Xuanyi,우쉬안이,선의,1995-01-26,Cosmic Girls,China,,166,0,Hainan,,,,https:/www.instagram.com/
https://dbkpop.com/idol/eunseo-wjsn/,Eunseo,Son Juyeon,손주연,은서,1998-05-27,Cosmic Girls,South Korea,,167,0,Incheon,WJSN The Black,,,https:/www.instagram.com/_eunseo_v
https://dbkpop.com/idol/yeoreum-wjsn/,Yeoreum,Lee Jinsook,이진숙,여름,1999-01-10,Cosmic Girls,South Korea,,161,0,Seoul,WJSN Chocome,,,https:/www.instagram.com/
https://dbkpop.com/idol/seola-wjsn/,Seola,Kim Hyunjung,김현정,설아,1994-12-24,Cosmic Girls,South Korea,,165,0,Seoul,"WJMK, WJSN The Black",,,https:/www.instagram.com/seola_s
https://dbkpop.com/idol/exy-wjsn/,Exy,Chu Sojung,추소정,엑시,1995-11-06,Cosmic Girls,South Korea,,166,0,Busan,WJSN The Black,,Leader,https:/www.instagram.com/exy_s2
https://dbkpop.com/idol/soobin-wjsn/,Soobin,Park Soobin,박수빈,수빈,1996-09-14,Cosmic Girls,South Korea,,159,0,Seoul,WJSN Chocome,,,https:/www.instagram.com/
https://dbkpop.com/idol/luda-wjsn/,Luda,Lee Luda,이루다,루다,1997-03-06,Cosmic Girls,South Korea,,157,0,Seoul,"WJSN Chocome, WJMK",,,https:/www.instagram.com/
https://dbkpop.com/idol/dawon-wjsn/,Dawon,Nam Dawon,남다원,다원,1997-03-16,Cosmic Girls,South Korea,,167,0,Seoul,,,,https:/www.instagram.com/
https://dbkpop.com/idol/mei-qi-wjsn/,Meiqi,Meng Meiqi,멍메이치,미기,1998-10-15,Cosmic Girls,China,,164,0,Luoyang,,,,https:/www.instagram.com/
https://dbkpop.com/idol/yeonjung-wjsn/,Yeonjung,Yu Yeonjung,유연정,연정,1999-08-03,Cosmic Girls,South Korea,,167,52,Gwangmyeong,,I.O.I,,https:/www.instagram.com/uyj_s
,Geummi,Baek Boram,백보람,금미,1988-06-18,Crayon Pop,South Korea,,165,0,Seoul,,,Leader,https:/www.instagram.com/g.mi
,Ellin,Kim Minyoung,김민영,엘린,1990-04-02,Crayon Pop,South Korea,,165,44,Daegu,,,,https:/www.instagram.com/hiellin
,Choa,Heo Minjin,허민진,초아,1990-07-12,Crayon Pop,South Korea,,161,0,Seoul,,,,https:/www.instagram.com/
,Way,Heo Minsun,허민선,웨이,1990-07-12,Crayon Pop,South Korea,,161,0,Seoul,,,,https:/www.instagram.com/baysunny
,Soyul,Park Hyekyeong,박혜경,소율,1991-05-15,Crayon Pop,South Korea,,160,0,Seoul,,,,https:/www.instagram.com/
,Hanna,Shin Jiyeon,신지연,한나,1994-02-19,MIXX,South Korea,,170,48,,,,Leader,https:/www.instagram.com/
,Henny,Kang Gayoung,강가영,헤니,1994-12-01,,South Korea,,168,50,,,MIXX,,https:/www.instagram.com/
,Arie,Jeon Minjae,전민재,아리,2000-04-07,MIXX,South Korea,,163,45,,,,,https:/www.instagram.com/
,Liyah,Moon Liya,문리야,리야,2000-05-11,MIXX,South Korea,,175,52,,,,,https:/www.instagram.com/
https://dbkpop.com/idol/jiu-dream-catcher/,Jiu,Kim Minji,김민지,지유,1994-05-17,Dreamcatcher,South Korea,,167,0,Daejeon,,Minx,Leader,https:/www.instagram.com/
https://dbkpop.com/idol/sua-dream-catcher/,Sua,Kim Bora,김보라,수아,1994-08-10,Dreamcatcher,South Korea,,164,0,Changwon,,Minx,,https:/www.instagram.com/
https://dbkpop.com/idol/siyeon-dream-catcher/,Siyeon,Lee Siyeon,이시연,시연,1995-10-01,Dreamcatcher,South Korea,,170,0,Daegu,,Minx,,https:/www.instagram.com/
https://dbkpop.com/idol/yoohyeon-dream-catcher/,Yoohyeon,Kim Yoohyeon,김유현,유현,1997-01-07,Dreamcatcher,South Korea,,171,0,Incheon,,Minx,,https:/www.instagram.com/
https://dbkpop.com/idol/dami-dream-catcher/,Dami,Lee Yoobin,이유빈,다미,1997-03-07,Dreamcatcher,South Korea,,163,0,Seoul,,Minx,,https:/www.instagram.com/
https://dbkpop.com/idol/hyebin-momoland/,Hyebin,Lee Hyebin,이혜빈,혜빈,1996-01-12,MOMOLAND,South Korea,,165,44,Andong,,,,https:/www.instagram.com/
https://dbkpop.com/idol/yeonwoo-momoland/,Yeonwoo,Lee Dabin,이다빈,연우,1996-08-01,,South Korea,,170,49,Seoul,,MOMOLAND,,https:/www.instagram.com/
https://dbkpop.com/idol/jane-momoland/,Jane,Sung Jiyeon,성지연,제인,1997-12-20,MOMOLAND,South Korea,,167,46,Changwon,,,,https:/www.instagram.com/
https://dbkpop.com/idol/nayun-momoland/,Nayun,Kim Nayun,김나윤,나윤,1998-07-31,MOMOLAND,South Korea,,167,48,Seoul,,,,https:/www.instagram.com/
https://dbkpop.com/idol/joo-e-momoland/,Joo E,Lee Joowon,이주원,주이,1999-08-18,MOMOLAND,South Korea,,164,45,Bucheon,,,,https:/www.instagram.com/
https://dbkpop.com/idol/ahin-momoland/,AhIn,Lee Ahin,이아인,아인,1999-09-27,MOMOLAND,South Korea,,160,44,Wonju,,,,https:/www.instagram.com/
https://dbkpop.com/idol/nancy-momoland/,Nancy,Nancy Mcdonie,낸시 맥다니,낸시,2000-04-13,MOMOLAND,South Korea,USA,162,45,Daegu,,,,https:/www.instagram.com/
https://dbkpop.com/idol/sumin-sonamoo/,Sumin,Ji Sumin,지수민,수민,1994-03-03,Sonamoo,South Korea,,168,0,Yongin,,,Leader,https:/www.instagram.com/
https://dbkpop.com/idol/minjae-sonamoo/,Minjae,Seong Minjae,성민재,민재,1994-12-18,Sonamoo,South Korea,,165,0,Busan,,,Lead Vocalist,https:/www.instagram.com/
https://dbkpop.com/idol/dana-sonamoo/,D.ana,Cho Eunae,조은애,디애나,1995-09-10,Sonamoo,South Korea,,170,0,Seoul,,,Rapper,https:/www.instagram.com/
https://dbkpop.com/idol/nahyun-sonamoo/,Nahyun,Kim Nahyun,김나현,나현,1995-12-09,Sonamoo,South Korea,,170,0,Seoul,,,,https:/www.instagram.com/
https://dbkpop.com/idol/euijin-sonamoo/,Euijin,Hong Euijin,홍의진,의진,1996-10-08,Sonamoo,South Korea,,168,0,Gwangju,UNI.T,,,https:/www.instagram.com/
https://dbkpop.com/idol/highd-sonamoo/,High.D,Kim Dohee,김도희,하이디,1996-12-21,Sonamoo,South Korea,,165,0,Suwon,,,Main Vocalist,https:/www.instagram.com/
https://dbkpop.com/idol/newsun-sonamoo/,New Sun,Choi Yoonsun,최윤선,뉴썬,1997-06-19,Sonamoo,South Korea,,172,0,,,,Rapper,https:/www.instagram.com/
https://dbkpop.com/idol/somin-kard/,Somin,Jeon Somin,전소민,소민,1996-08-22,KARD,South Korea,,0,0,Seoul,,April,,https:/www.instagram.com/
https://dbkpop.com/idol/jinwoo-kard/,Jiwoo,Jeon Jiwoo,전지우,지우,1996-10-04,KARD,South Korea,,0,0,,,,,https:/www.instagram.com/
https://dbkpop.com/idol/youngji/,Youngji,Hur Youngji,허영지,영지,1994-08-30,,South Korea,,0,0,Goyang,,KARA,,https:/www.instagram.com/
,Gyuri,Park Gyuri,박규리,규리,1988-05-21,KARA,South Korea,,0,0,Seoul,,,,https:/www.instagram.com/
,Seungyeon,Han Seungyeon,한승연,승연,1988-07-24,KARA,South Korea,,0,0,Seoul,,,,https:/www.instagram.com/
,Hara†,Koo Hara,구하라,하라,1991-01-13,KARA,South Korea,,0,0,Gwangju,,,,https:/www.instagram.com/
,Nicole,Nicole Jung,정니콜,니콜,1991-10-07,,South Korea,USA,0,0,Los Angeles,,KARA,,https:/www.instagram.com/
,Jiyoung,Kang Jiyoung,강지영,지영,1994-01-18,,South Korea,,0,0,Paju,,KARA,,https:/www.instagram.com/
https://dbkpop.com/idol/moonhee-bonus-baby/,Moonhee,Choi Moonhee,최문희,문희,1997-04-15,Bonus Baby,South Korea,,167,0,,,MyB,,https:/www.instagram.com/
https://dbkpop.com/idol/hayoon-bonus-baby/,Hayoon,Jung Hayoon,정하윤,하윤,1998-11-21,Bonus Baby,South Korea,,163,0,,,MyB,,https:/www.instagram.com/
,Chaehyun,Kim Chaehyun,김채현,채현,1999-11-29,Bonus Baby,South Korea,,163,0,,,,,https:/www.instagram.com/
,Dayun,Kim Dayun,김다윤,다윤,2000-11-20,Bonus Baby,South Korea,,164,0,,,,,https:/www.instagram.com/
,Gaon,Beom Gaon,범가온,가온,2001-03-09,Bonus Baby,South Korea,,163,0,,,,,https:/www.instagram.com/
,Kongyoo,Kong Yoojin,공유진,공유,2001-05-11,Bonus Baby,South Korea,,163,0,,,,,https:/www.instagram.com/
https://dbkpop.com/idol/chaekyung-april/,Chaekyung,Yoon Chaekyung,윤채경,채경,1996-07-07,APRIL,South Korea,,160,45,Incheon,"C.I.V.A, I.B.I",Puretty,,https:/www.instagram.com/
https://dbkpop.com/idol/rachel-april/,Rachel,Sung Nayeon,성나연,레이첼,2000-08-28,APRIL,South Korea,USA,0,0,,,,,https:/www.instagram.com/
,Sohee,Kim Sohee,소희,김소희,1995-01-20,Nature,South Korea,,162,41,Busan,C.I.V.A,I.B.I,,https:/www.instagram.com/
,Lee Haein,Lee Haein,이해인,이해인,1992-07-04,I.B.I,South Korea,,165,49,Changwon,,,,https:/www.instagram.com/
,Lee Suhyun,Lee Suhyun,이수현,이수현,1996-11-05,I.B.I,South Korea,,167,50,Ansan,,,,https:/www.instagram.com/
,Han Hyeri,Han Hyeri,한혜리,한혜리,1997-08-24,I.B.I,South Korea,,159,42,Gwangmyeong,,,,https:/www.instagram.com/soh_eee
https://dbkpop.com/idol/hyosung-secret/,Hyosung,Jun Hyoseong,전효성,효성,1989-10-13,SECRET,South Korea,,0,0,Cheongju,,,,https:/www.instagram.com/secrettimehs
https://dbkpop.com/idol/hana-secret/,Hana,Jung Hana,정하나,하나,1990-02-02,SECRET,South Korea,,0,0,Uljeongbu,,,,https:/www.instagram.com/
https://dbkpop.com/idol/jieun-secret/,Jieun,Song Jieun,송지은,지은,1990-05-05,SECRET,South Korea,,0,0,Seoul,,,,https:/www.instagram.com/secret_jieunssong
https://dbkpop.com/idol/sunhwa-secret/,Sunhwa,Han Sunhwa,한선화,선화,1990-10-06,,South Korea,,0,0,Busan,,SECRET,,https:/www.instagram.com/shh_daily
,Heeyu,Choi Heejae,최희재,희유,1995-06-30,MIXX,South Korea,,159,0,,,,,https:/www.instagram.com/
,Mia,Son Hyunmi,손현미,미아,1997-12-31,MIXX,South Korea,,174,0,,,,,https:/www.instagram.com/
https://dbkpop.com/idol/heejin-loona/,Heejin,Jeon Heejin,전희진,희진,2000-10-19,LOONA,South Korea,,0,0,Seongnam,Loona 1/3,,,https:/www.instagram.com/
https://dbkpop.com/idol/hyunjin-loona/,Hyunjin,Kim Hyunjin,김현진,현진,2000-11-15,LOONA,South Korea,,0,0,Jeonju,Loona 1/3,,,https:/www.instagram.com/
https://dbkpop.com/idol/haseul-loona/,Haseul,Jo Haseul,조하슬,하슬,1997-08-18,LOONA,South Korea,,0,0,Ansan,Loona 1/3,,,https:/www.instagram.com/
https://dbkpop.com/idol/yeojin-loona/,Yeojin,Im Yeojin,임여진,여진,2002-11-11,LOONA,South Korea,,0,0,Guro,Loona 1/3,,,https:/www.instagram.com/
https://dbkpop.com/idol/handong-dream-catcher/,Handong,Han Dong,한동,한동,1996-03-26,Dreamcatcher,China,,0,0,Wuhan,,,,https:/www.instagram.com/
https://dbkpop.com/idol/gahyeon-dream-catcher/,Gahyeon,Lee Gahyeon,이가현,가현,1999-02-03,Dreamcatcher,South Korea,,0,0,Seongnam,,,,https:/www.instagram.com/
https://dbkpop.com/idol/nayoung-pristin,Nayoung,Im Nayoung,임나영,나영,1995-12-18,Pristin,South Korea,,171,51,Chungcheongham,"I.O.I, Pristin V",,,https:/www.instagram.com/
https://dbkpop.com/idol/roa-pristin,Roa,Kim Minkyung,김민경,로아,1997-07-29,Hinapia,South Korea,,172,49,,Pristin V,Pristin,,https:/www.instagram.com/
https://dbkpop.com/idol/yuha-pristin,Yuha,Kang Kyungwon,강경원,유하,1997-11-05,Hinapia,South Korea,,170,50,,,Pristin,,https:/www.instagram.com/
https://dbkpop.com/idol/eunwoo-pristin,Eunwoo,Jeong Eunwoo,정은우,은우,1998-07-01,Hinapia,South Korea,,167,48,,Pristin V,Pristin,,https:/www.instagram.com/
https://dbkpop.com/idol/rena-pristin,Rena,Kang Yebin,강예빈,레나,1998-10-19,Hinapia,South Korea,,162,49,,Pristin V,Pristin,,https:/www.instagram.com/
https://dbkpop.com/idol/kyulkyung-pristin,Kyulkyung,Zhou Jieqiong,저우제충,결경,1998-12-16,Pristin,China,,167,49,Taizhou,"I.O.I, Pristin V",,,https:/www.instagram.com/
https://dbkpop.com/idol/yehana-pristin,Yehana,Kim Yewon,김예원,예하나,1999-02-22,Pristin,South Korea,,0,0,Ilsan,,,,https:/www.instagram.com/
https://dbkpop.com/idol/sungyeon-pristin,Sungyeon,Bae Sungyeon,배성연,성연,1999-05-25,Pristin,USA,South Korea,0,0,California,,,,https:/www.instagram.com/
https://dbkpop.com/idol/xiyeon-pristin,Xiyeon,Park Junghyun,박정현,시연,2000-11-14,Pristin,South Korea,,164,51,,,,,https:/www.instagram.com/
https://dbkpop.com/idol/kyla-pristin,Kyla,Kyla Massie,카일라 매시,카일라,2001-12-26,Pristin,USA,South Korea,0,0,California,,,,https:/www.instagram.com/
https://dbkpop.com/idol/alice-hello-venus,Alice,Song Joohee,송주희,앨리스,1990-03-21,Hello Venus,South Korea,,166,47,Wonju,,,,https:/www.instagram.com/jh.song_alice
https://dbkpop.com/idol/nara-hello-venus,Nara,Kwon Nara,권나라,나라,1991-03-13,Hello Venus,South Korea,,172,52,Seongnam,,,,https:/www.instagram.com/hv_nara
https://dbkpop.com/idol/lime-hello-venus,Lime,Kim Hyerim,김혜림,라임,1993-01-19,Hello Venus,South Korea,,169,50,,,,,https:/www.instagram.com/hv_lime
https://dbkpop.com/idol/seoyoung-hello-venus,Seoyoung,Lee Seoyoung,이서영,서영,1994-06-27,Hello Venus,South Korea,,164,50,,,,,https:/www.instagram.com/hv_seo0
https://dbkpop.com/idol/yooyoung-hello-venus,Yooyoung,Lee Yooyoung,이유영,유영,1995-01-23,Hello Venus,South Korea,,170,49,Suwon,,,,https:/www.instagram.com/hv_u0/
https://dbkpop.com/idol/yeoreum-hello-venus,Yeoreum,Ahn Chaeyeon,안채연,여름,1996-06-04,Hello Venus,South Korea,,167,48,,,,,https:/www.instagram.com/
https://dbkpop.com/idol/eunice-dia/,Eunice,Heo Sooyeon,허수연,유니스,1991-09-02,DIA,South Korea,,166,49,Busan,,,,https:/www.instagram.com/
https://dbkpop.com/idol/huihyeon-dia/,Huihyeon,Ki Huihyeon,기희현,희현,1995-06-16,DIA,South Korea,,167,46,Namwon,,,,https:/www.instagram.com/
https://dbkpop.com/idol/jenny-dia/,Jenny,Lee Soyul,이소율,제니,1996-09-04,,South Korea,,165,47,Seoul,,DIA,,https:/www.instagram.com/
https://dbkpop.com/idol/yebin-dia/,Yebin,Baek Yebin,백예빈,예빈,1997-07-13,DIA,South Korea,,164,43,Chuncheon,UNI.T,,,https:/www.instagram.com/
https://dbkpop.com/idol/eunjin-dia/,Eunjin,Ahn Eunjin,안은진,은진,1997-08-31,,South Korea,,170,49,Mokpo,,DIA,,https:/www.instagram.com/
https://dbkpop.com/idol/chaeyeon-dia/,Chaeyeon,Jung Chaeyeon,정채연,채연,1997-12-01,DIA,South Korea,,165,49,Suncheon,,I.O.I,,https:/www.instagram.com/
https://dbkpop.com/idol/eunchae-dia/,Eunchae,Kwon Chaewon,권채원,은채,1999-05-26,DIA,South Korea,,0,0,,,,,https:/www.instagram.com/
,Chungha,Kim Chungha,김청하,청하,1996-02-09,,South Korea,,0,0,Dallas,,I.O.I,,https:/www.instagram.com/
,Sohye,Kim Sohye,김소혜,소혜,1999-07-19,,South Korea,,0,0,Seoul,,I.O.I,,https:/www.instagram.com/
https://dbkpop.com/idol/yoojung-weki-meki/,Yoojung,Choi Yoojung,최유정,유정,1999-11-12,Weki Meki,South Korea,,0,0,Guri,"I.O.I, WJMK",,,https:/www.instagram.com/
https://dbkpop.com/idol/doyeon-weki-meki/,Doyeon,Kim Doyeon,김도연,도연,1999-12-04,Weki Meki,South Korea,,0,0,Incheon,"I.O.I, WJMK",,,https:/www.instagram.com/
,Somi,Jeon Somi,전소미,소미,2001-03-09,,South Korea,Canada,0,0,Ontario,,I.O.I,,https:/www.instagram.com/
,I,Cha Yoonji,차윤지,아이,1996-12-02,,South Korea,,0,0,Busan,,,,https:/www.instagram.com/
,Johyun,Shin Jiwon,신지원,조현,1996-04-14,Berry Good,South Korea,,0,0,,,,,https:/www.instagram.com/
https://dbkpop.com/idol/serri-dal-shabet/,Serri,Park Miyeon,박미연,세리,1990-09-16,Dal Shabet,South Korea,,0,0,Seoul,,,,https:/www.instagram.com/
https://dbkpop.com/idol/ahyoung-dal-shabet/,Ahyoung,Cho Jayoung,조자영,아영,1991-05-26,Dal Shabet,South Korea,,0,0,Seoul,,,,https:/www.instagram.com/
https://dbkpop.com/idol/woohee-dal-shabet/,Woohee,Bae Woohee,배우희,우희,1991-11-21,Dal Shabet,South Korea,,0,0,Busan,UNI.T,,,https:/www.instagram.com/
https://dbkpop.com/idol/subin-dal-shabet/,Subin,Park Subin,박수빈,수빈,1994-02-12,Dal Shabet,South Korea,,0,0,Gwangju,,,,https:/www.instagram.com/
,Jiyul,Yang Jungyoon,양정윤,지율,1991-07-30,,South Korea,,0,0,Seoul,,Dal Shabet,,https:/www.instagram.com/
,Gaeun,Cho Kaeun,조가은,가은,1992-07-28,,South Korea,,0,0,Changwon,,Dal Shabet,,https:/www.instagram.com/
,Viki,Kang Eunhye,강은혜,비키,1988-03-28,,South Korea,,0,0,Seoul,,Dal Shabet,,https:/www.instagram.com/
,Haeri,Lee Haeri,이해리,해리,1985-02-14,Davichi,South Korea,,0,0,Seoul,,,,https:/www.instagram.com/
,Minkyung,Kang Minkyung,강민경,민경,1990-08-03,Davichi,South Korea,,0,0,Goyang,,,,https:/www.instagram.com/
,Sulli†,Choi Jinri,최진리,설리,1994-03-29,,South Korea,,0,0,Busan,,f(x),,https:/www.instagram.com/
,Ashley,Ashley Choi,애슐리 최,애슐리,1991-11-09,Ladies' Code,South Korea,USA,0,0,Incheon,,,,https:/www.instagram.com/
,Sojung,Lee Sojung,이소정,소정,1993-09-03,Ladies' Code,South Korea,,0,0,Wonju,,,,https:/www.instagram.com/
,Zuny,Kim Joomi,김주미,주니,1994-12-08,Ladies' Code,South Korea,,0,0,Gwangju,,,,https:/www.instagram.com/
,Yunji,Lee Yunji,이윤지,윤지,1992-04-04,Playback,South Korea,,0,0,,,,,https:/www.instagram.com/
,Hayoung,Lee Hayoung,이하영,하영,1993-08-03,Playback,South Korea,,0,0,,,,,https:/www.instagram.com/
,Yujin,Seo Yoojin,소유진,유진,1994-06-18,Playback,South Korea,,0,0,,,,,https:/www.instagram.com/
,Woolim,Hwang Woolim,황우림,우림,1996-08-29,Playback,South Korea,,0,0,,,,,https:/www.instagram.com/
,Red,Lee Heejin,이희진,빨강,1991-07-10,Pungdeng-E,South Korea,,163,0,Daegu,,,,https:/www.instagram.com/
,Yellow,Kim Eunbi,김은비,노랑,1993-05-05,Pungdeng-E,South Korea,,156,0,Seoul,,,,https:/www.instagram.com/
,Blue,Jung Gahee,정가희,파랑,1994-01-18,Pungdeng-E,South Korea,,161,0,Gwangju,,,,https:/www.instagram.com/
,Jaekyung,Kim Jaekyung,김재경,재경,1988-12-24,Rainbow,South Korea,,168,45,Seoul,Rainbow Blaxx,,,https:/www.instagram.com/
,Woori,Go Woori,고우리,우리,1988-02-22,Rainbow,South Korea,,165,44,Jeonju,Rainbow Blaxx,,,https:/www.instagram.com/
,Seungah,Oh Seungah,오승아,승아,1988-09-13,Rainbow,South Korea,,167,45,Seoul,"Rainbow Blaxx, Rainbow Pixie",,,https:/www.instagram.com/
,Noeul,No Eul,노을,노을,1989-05-10,Rainbow,South Korea,,164,44,Jeonju,,,,https:/www.instagram.com/
,Yoonhye,Jung Yoonhye,정윤혜,윤혜,1990-04-14,Rainbow,South Korea,,166,47,Daejeon,,,,https:/www.instagram.com/
,Jisook,Kim Jisook,김지숙,지숙,1990-07-18,Rainbow,South Korea,,164,41,Suwon,Rainbow Pixie,,,https:/www.instagram.com/
,Hyunyoung,Cho Hyunyoung,조현영,현영,1991-08-11,Rainbow,South Korea,,160,41,Seoul,"Rainbow Blaxx, Rainbow Pixie",,,https:/www.instagram.com/
https://dbkpop.com/idol/vivi-loona/,Vivi,Wong Viian,황가희,비비,1996-12-09,LOONA,Hong Kong,,0,0,Hong Kong,Loona 1/3,,,https:/www.instagram.com/
,Minjae,Shin Minjae,신민재,민재,1991-08-13,Tahiti,South Korea,,0,0,Busan,,,,https:/www.instagram.com/
,Miso,Park Miso,박미소,미소,1991-04-04,Tahiti,South Korea,,0,0,Gwangju,,,,https:/www.instagram.com/
,Jerrry,Ahn Sohyun,안소현,제리,1992-08-27,Tahiti,South Korea,,0,0,Seoul,,,,https:/www.instagram.com/
,Jisoo,Shin Jisoo,신지수,지수,1994-02-28,Tahiti,South Korea,,0,0,Chuncheon,,,,https:/www.instagram.com/
,Ari,Kim Sunyoung,김선영,아리,1994-10-23,Tahiti,South Korea,,0,0,Daegu,,,,https:/www.instagram.com/
,Sihyun,Park Sihyun,박시현,시현,1986-11-29,SPICA,South Korea,,0,0,,SPICA-S,SPICA,,https:/www.instagram.com/
,Boa,Kim Boah,김보아,보아,1987-01-14,KEEMBO,South Korea,,0,0,,,SPICA,,https:/www.instagram.com/
,Narae,Park Narae,박나래,나래,1988-02-23,SPICA,South Korea,,0,0,Incheon,SPICA-S,SPICA,,https:/www.instagram.com/
,Jiwon,Yang Jiwon,양지원,지원,1988-04-05,UNI.T,South Korea,,0,0,Seoul,SPICA-S,SPICA,,https:/www.instagram.com/
,Bohyung,Kim Bohyung,김보형,보형,1991-03-31,KEEMBO,South Korea,,0,0,,SPICA-S,SPICA,,https:/www.instagram.com/
https://dbkpop.com/idol/gayoung-stellar/,Gayoung,Kim Gayoung,김가영,가영,1991-12-02,Stellar,South Korea,,0,0,Seoul,,,,https:/www.instagram.com/
https://dbkpop.com/idol/minhee-stellar/,Minhee,Joo Minhee,주민희,민희,1993-01-03,Stellar,South Korea,,0,0,Seoul,,,,https:/www.instagram.com/
https://dbkpop.com/idol/hyoeun-stellar/,Hyeoeun,Lee Hyoeun,이효은,효은,1993-03-16,Stellar,South Korea,,0,0,Seoul,,,,https:/www.instagram.com/
https://dbkpop.com/idol/jeonyul-stellar/,Jeonyul,Jeon Yuri,전유리,전율,1994-03-20,Stellar,South Korea,,0,0,Seoul,,,,https:/www.instagram.com/
,Jiyou,Im Changsook,임창숙,지유,1989-06-15,Two X,South Korea,,0,0,,,,,https:/www.instagram.com/
,Eun,Choi Eunmi,최은미,은,1990-05-14,Two X,South Korea,,0,0,,,,,https:/www.instagram.com/
,Surin,Kim Surin,김수린,수린,1991-12-27,Two X,South Korea,,0,0,,,,,https:/www.instagram.com/
,Eunyoung,Joo Eunyoung,주은영,은영,1992-06-12,Two X,South Korea,,0,0,,,,,https:/www.instagram.com/
,Nari,Kim Nari,김나리,나리,1992-10-05,Wassup,South Korea,,0,0,,,,,https:/www.instagram.com/
,Jiae,Kim Jiae,김지애,지애,1995-10-31,Wassup,South Korea,,0,0,,,,,https:/www.instagram.com/
,Sujin,Bang Sujin,방수진,수진,1996-06-26,Wassup,South Korea,,0,0,,,,,https:/www.instagram.com/
,Woojoo,Kim Woojoo,김우주,우주,1996-08-12,Wassup,South Korea,,0,0,,,,,https:/www.instagram.com/
,Jinju,Park Jinju,박진주,진주,1990-04-28,,South Korea,,0,0,,,Wassup,,https:/www.instagram.com/
,Dain,Song Jieun,송지은,다인,1990-06-25,,South Korea,,0,0,,,Wassup,,https:/www.instagram.com/
,Nada,Yoon Yejin,윤예진,나다,1991-05-24,,South Korea,,0,0,,,Wassup,,https:/www.instagram.com/
,Jueun,Lee Jooeun,이주은,주은,1995-07-07,DIA,South Korea,,0,0,Suwon,BinChaenHyunSeuS,,,https:/www.instagram.com/
,Somyi,Ahn Somyi,안솜이,솜이,2000-01-26,DIA,South Korea,,0,0,Changwon,L.U.B,,,https:/www.instagram.com/
https://dbkpop.com/idol/daisy-momoland/,Daisy,Yoo Jeongahn,유정안,데이지,1999-01-22,,South Korea,,0,0,Seoul,,MOMOLAND,,https:/www.instagram.com/
https://dbkpop.com/idol/taeha-momoland/,Taeha,Kim Taeha,김태하,태하,1998-06-03,,South Korea,,0,0,Jeonju,,MOMOLAND,,https:/www.instagram.com/
https://dbkpop.com/idol/suyeon-weki-meki/,Suyeon,Ji Suyeon,지수연,수연,1997-04-20,Weki Meki,South Korea,,0,0,,,,,https:/www.instagram.com/
https://dbkpop.com/idol/elly-weki-meki/,Elly,Jung Haerim,정해림,엘리,1998-07-20,Weki Meki,South Korea,,0,0,,,,,https:/www.instagram.com/
https://dbkpop.com/idol/sei-weki-meki/,Sei,Lee Seojung,이서정,세이,2000-01-07,Weki Meki,South Korea,,0,0,,,,,https:/www.instagram.com/
https://dbkpop.com/idol/lua-weki-meki/,Lua,Kim Sookyung,김수경,루아,2000-10-06,Weki Meki,South Korea,,0,0,,,,,https:/www.instagram.com/
https://dbkpop.com/idol/rina-weki-meki/,Rina,Kang Soeun,강소은,리나,2001-09-27,Weki Meki,South Korea,,0,0,,,,,https:/www.instagram.com/
https://dbkpop.com/idol/lucy-weki-meki/,Lucy,Noh Hyojung,노효정,루시,2002-08-31,Weki Meki,South Korea,,0,0,Goyang,,,,https:/www.instagram.com/
https://dbkpop.com/idol/kim-lip-loona/,Kim Lip,Kim Jungeun,김정은,김립,1999-02-10,LOONA,South Korea,,0,0,,Loona Odd Eye Circle,,,https:/www.instagram.com/
https://dbkpop.com/idol/jinsoul-loona/,JinSoul,Jung Jinsol,정진솔,진솔,1997-06-13,LOONA,South Korea,,0,0,,Loona Odd Eye Circle,,,https:/www.instagram.com/
https://dbkpop.com/idol/choerry-loona/,Choerry,Choi Yerim,최예림,최리,2001-06-04,LOONA,South Korea,,0,0,,Loona Odd Eye Circle,,,https:/www.instagram.com/
https://dbkpop.com/idol/bella-elris/,Bella,Choi Yuna,최윤아,벨라,1999-02-02,ELRIS,South Korea,,0,0,,,,,https:/www.instagram.com/
https://dbkpop.com/idol/hyeseong-elris/,Hyeseong,Yang Hyeseon,양혜선,혜성,1999-10-15,ELRIS,South Korea,,0,0,,,,,https:/www.instagram.com/
https://dbkpop.com/idol/yukyung-elris/,Yukyung,Lee Yukyung,이유경,유경,1999-11-05,ELRIS,South Korea,,0,0,,,,,https:/www.instagram.com/
https://dbkpop.com/idol/sohee-elris/,Sohee,Kim Sohee,김소희,소희,1999-12-31,ELRIS,South Korea,,0,0,,,,,https:/www.instagram.com/
https://dbkpop.com/idol/karin-elris/,Karin,Min Karin,민가린,가린,2002-01-05,ELRIS,South Korea,,0,0,,,,,https:/www.instagram.com/
,Rui,Watanabe Rui,와타나베 루이,루이,1994-10-08,H.U.B,Japan,,0,0,,,N-Bulance,,https:/www.instagram.com/
,Gracie,Kim Gaeun,김가운,그레이시,1996-10-28,H.U.B,South Korea,,0,0,,,,,https://www.instagram.com/i.m_gracie/
,Yuem,Park Subin,박수빈,유음,1996-12-25,H.U.B,South Korea,,0,0,,,,,https:/www.instagram.com/
,Hyosun,Lim Hyosun,임효선,효선,1998-07-10,H.U.B,South Korea,,170,54,,,Kiwi Band,,https:/www.instagram.com/
,Keina,Lee Yoona,이유나,케이나,1999-02-12,H.U.B,South Korea,,0,0,,,,,https:/www.instagram.com/
,Hyunseo,Go Hyunseo,고현서,현서,1999-06-17,,South Korea,,0,0,,,G-reyish,,https:/www.instagram.com/
,Shinyoung,Park Shinyoung,박신영,신영,2000-03-19,G-reyish,South Korea,,0,0,,,,,https:/www.instagram.com/
,Yena,Jeong Yena,정예나,예나,2000-04-10,G-reyish,South Korea,,0,0,,,,,https:/www.instagram.com/
,Yeso,Lee Yeso,이예소,예소,2001-11-13,G-reyish,South Korea,,0,0,,,,,https:/www.instagram.com/
,Haeri,Jung Haeri,정해리,해리,1997-01-14,P.O.P,South Korea,,0,0,Seoul,,,,https:/www.instagram.com/
,Ahyung,Kang Ahyoung,강아형,아형,1996-08-27,P.O.P,South Korea,,0,0,Pohang,,,,https:/www.instagram.com/
,Miso,Park Jihyun,박지현,미소,1996-09-16,P.O.P,South Korea,,0,0,Busan,,,,https:/www.instagram.com/
,Seol,Min Jihye,민지혜,설,1997-01-01,P.O.P,South Korea,,0,0,Gunsan,,,,https:/www.instagram.com/
,Yeonjoo,Song Yeonjoo,정연주,연주,1997-06-26,P.O.P,South Korea,,0,0,Ansan,,,,https:/www.instagram.com/
,Yeonha,Ahn Yeonji,안연지,연하,2000-05-19,P.O.P,South Korea,,0,0,Yeondong,,,,https:/www.instagram.com/
,Heejin,Song Heejin,송희진,희진,1995-08-19,Good Day,South Korea,,0,0,Seoul,,,,https:/www.instagram.com/
,Green,Kim Jiwon,김지원,지니,1997-07-01,RedSquare,South Korea,,0,0,Daegu,,Good Day,Vocalist,https:/www.instagram.com/
,Chaea,Kim Chaeyoung,김채영,체리,1997-07-05,RedSquare,South Korea,,0,0,Gunsan,,Good Day,"Vocalist, Main Dancer",https:/www.instagram.com/
,Chaesol,Maeng Chaesol,맹채솔,채솔,1998-07-14,Cignature,South Korea,,0,0,Yeosu,,Good Day,,https:/www.instagram.com/
,Ari,Hwang Nayoon,황나윤,아리,1999-03-30,RedSquare,South Korea,,0,0,Seoul,,Good Day,Vocalist,https:/www.instagram.com/
,Jeewon,Kim Jiwon,김지원,지원,1999-04-01,Cignature,South Korea,,0,0,Busan,,Good Day,,https:/www.instagram.com/
,Yeah,Kim Haeun,김하은,예아,1999-10-09,,South Korea,,0,0,Gongju,,"Good Day, Cignature",,https:/www.instagram.com/
,Sunn,Hwang Jiwon,황지원,선,2000-02-07,,South Korea,,0,0,Jincheon,,"Good Day, Cignature",,https:/www.instagram.com/
,Bomin,Kim Bomin,김보민,보민,2001-09-24,RedSquare,South Korea,,0,0,Gwangju,,Good Day,Dancer,https:/www.instagram.com/
,Belle,Jin Hyeonjoo,진현주,벨,2001-11-03,Cignature,South Korea,,0,0,Goyang,,Good Day,,https:/www.instagram.com/
https://dbkpop.com/idol/jiyoung-bolbbalgan4/,Jiyoung,Ahn Jiyoung,안지영,지영,1995-09-14,Bolbbalgan4,South Korea,,0,0,Yeongju,,,,https:/www.instagram.com/
https://dbkpop.com/idol/jiyoon-bolbbalgan4/,Jiyoon,Woo Jiyoon,우지윤,지윤,1996-01-06,Bolbbalgan4,South Korea,,0,0,Yeongju,,,,https:/www.instagram.com/
https://dbkpop.com/idol/dayeon-neonpunch/,Dayeon,Hwang Da Kyeon,황연경,다연,1995-11-17,XUM,South Korea,,0,0,,,NeonPunch,,https:/www.instagram.com/sunghyuk_seo/
https://dbkpop.com/idol/hajeong-neonpunch/,Hajeong,Lee Hajeong,이하정,하정,1997-09-23,,South Korea,,0,0,,,NeonPunch,,https:/www.instagram.com/sunghyuk_seo/
https://dbkpop.com/idol/baekah-neonpunch/,Baekah,Kim Sua,김수아,백아,1999-10-24,XUM,South Korea,,0,0,,,NeonPunch,,https:/www.instagram.com/sunghyuk_seo/
https://dbkpop.com/idol/arang-neonpunch/,Arang,Son Mnjung,손민정,아랑,2000-03-08,,South Korea,,0,0,,,NeonPunch,,https:/www.instagram.com/sunghyuk_seo/
https://dbkpop.com/idol/iaan-neonpunch/,Iaan,Yoo Dongju,유동주,이안,2002-03-22,XUM,South Korea,,0,0,,,NeonPunch,,https:/www.instagram.com/sunghyuk_seo/
,Eunjin,Ma Eunjin,마은진,은진,1997-05-23,Playback,South Korea,,165,49,Wonju,,,,https:/www.instagram.com/sunghyuk_seo/
https://dbkpop.com/idol/yves-loona/,Yves,Ha Sooyoung,하수영,이브,1997-05-24,LOONA,South Korea,,0,0,,Loona yyxy,,,https:/www.instagram.com/
,Haeyeon,Lee Taeyeon,이태연,해연,1994-01-11,Gate9,South Korea,,161,0,,,,,https://www.instagram.com/ha2y2on_gnine/
,Yeori,Kim Soyeon,김소연,여리,1994-05-30,Gate9,South Korea,,164,0,Seoul,,,,https://www.instagram.com/yeori_g9/
,Haru,Han Sangsook,한상숙,하루,1994-07-06,Gate9,South Korea,,160,0,Bucheon,,,,https://www.instagram.com/hanharuuu/
,Kady,Gu Dokyoung,구도경,케이디,1995-04-07,Gate9,South Korea,,168,0,Busan,,,,https://www.instagram.com/kady_g9/
,Gaga,Lee Soobin,이수빈,가가,1994-11-10,Gate9,South Korea,,164,0,,,,,https://www.instagram.com/gagag9/
,Juju,Park Juyoung,박주영,쥬쥬,1996-01-03,Gate9,South Korea,,168,0,Changwon,,,,https://www.instagram.com/baby.juju_0/
,Taera,Lee Yujin,이유진,태라,1994-04-12,Gate9,South Korea,,161,0,Incheon,,,,https://www.instagram.com/taera9nine/
,Yoon,Ji Hayoon,지하윤,윤,1997-07-08,Gate9,South Korea,,162,0,Busan,,,,https://www.instagram.com/queenyunista/
,Vivian,Park Sunghee,박성희,비비안,1998-12-08,Gate9,South Korea,,0,0,,,,,https://www.instagram.com/vivian__g9/
https://dbkpop.com/idol/chuu-loona/,Chuu,Kim Jiwoo,김지우,츄,1999-10-20,LOONA,South Korea,,0,0,Cheongju,Loona yyxy,,,https:/www.instagram.com/
https://dbkpop.com/idol/gowon-loona/,Gowon,Park Chaewon,박채원,고원,2000-11-19,LOONA,South Korea,,0,0,,Loona yyxy,,,https:/www.instagram.com/
https://dbkpop.com/idol/saerom-fromis-9/,Saerom,Lee Saerom,이새롬,새롬,1997-01-07,fromis_9,South Korea,,0,0,Gangwon,,,,https:/www.instagram.com/
https://dbkpop.com/idol/hayoung-fromis-9/,Hayoung,Song Hayoung,송하영,하영,1997-09-29,fromis_9,South Korea,,0,0,Gwangju,,,,https:/www.instagram.com/
https://dbkpop.com/idol/gyuri-fromis-9/,Gyuri,Jang Gyuri,장규리,규리,1997-12-27,fromis_9,South Korea,,0,0,Seoul,,,,https:/www.instagram.com/
https://dbkpop.com/idol/jiwon-fromis-9/,Jiwon,Park Jiwon,박지원,지원,1998-03-20,fromis_9,South Korea,,0,0,Busan,,,,https:/www.instagram.com/
https://dbkpop.com/idol/jisun-fromis-9/,Jisun,Roh Jisun,노지선,지선,1998-11-23,fromis_9,South Korea,,0,0,Seoul,,,,https:/www.instagram.com/
https://dbkpop.com/idol/seoyeon-fromis-9/,Seoyeon,Lee Seoyeon,이서연,서연,2000-01-22,fromis_9,South Korea,,0,0,Seoul,,,,https:/www.instagram.com/
https://dbkpop.com/idol/chaeyoung-fromis-9/,Chaeyoung,Lee Chaeyoung,이채영,채영,2000-05-14,fromis_9,South Korea,,0,0,Pohang,,,,https:/www.instagram.com/
https://dbkpop.com/idol/nakyung-fromis-9/,Nakyung,Lee Nakyung,이나경,나경,2000-06-01,fromis_9,South Korea,,159,42,Mungyeong,,,"Lead Vocalist, Rapper, Visual",https:/www.instagram.com/
https://dbkpop.com/idol/jiheon-fromis-9/,Jiheon,Baek Jiheon,백지헌,지헌,2003-04-17,fromis_9,South Korea,,0,0,Jeolla,,,,https:/www.instagram.com/
,Xeheun,Lee Seheun,이세흔,세흔,1999-07-11,Girlkind,South Korea,,0,162,,,,,https:/www.instagram.com/
,Medic Jin,Bae Yujin,배유진,메딕진,1996-08-25,Girlkind,South Korea,,0,167,,,,,https:/www.instagram.com/
,JK,Kim Jikang,김지강,지강,1998-03-17,Girlkind,South Korea,,0,161,,,,,https:/www.instagram.com/
,Sun J,Jeon Heesun,전희선,썬제이,2001-02-13,Girlkind,South Korea,,0,165,,,,,https:/www.instagram.com/
,Ellyn,Bang Sunhee,방선희,엘린,2002-10-19,Girlkind,South Korea,,0,170,,,,,https:/www.instagram.com/
,Haena,Lee Haena,이해나,해나,1991-06-02,Matilda,South Korea,,0,165,,,,,https:/www.instagram.com/
,Dan-a,Park Seungyeon,박승연,단아,1993-06-26,Matilda,South Korea,,0,160,,,,,https:/www.instagram.com/
,Semmi,Oh Heesun,오희선,세미,1995-10-22,Matilda,South Korea,,0,165,,,,,https:/www.instagram.com/
,Saebyeol,Han Saebyeol,한새별,새별,1996-05-23,Matilda,South Korea,,0,168,,,,,https:/www.instagram.com/
,Yua,Mikami Yua,미카미 유아,유아,1993-08-16,Honey Popcorn,Japan,,0,0,,,,,https:/www.instagram.com/
,Miko,Matsuda Miko,마츠다 미코,미코,1995-10-28,Honey Popcorn,Japan,,0,0,,,,,https:/www.instagram.com/
,Moko,Sakura Moko,사쿠라 모코,모코,1991-03-19,Honey Popcorn,Japan,,0,0,,,,,https:/www.instagram.com/
https://dbkpop.com/idol/olivia-hye-loona/,Olivia Hye,Son Hyeju,손혜주,올리비아 혜,2001-11-13,LOONA,South Korea,,0,0,,Loona yyxy,,,https:/www.instagram.com/
,Kriesha Chu,Kriesha Ziskind Teo Tiu,크리샤 지스킨드 테오 티우,크리샤 츄,1998-12-20,,Philippines,,0,0,Cebu,,,,https:/www.instagram.com/
,JOO,Jung Minjoo,정민주,주,1990-10-11,,South Korea,,0,0,Seoul,,,,https:/www.instagram.com/
https://dbkpop.com/idol/miyeon-gi-dle/,Miyeon,Jo Miyeon,조미연,미연,1997-01-31,(G)I-DLE,South Korea,,0,0,,,,,https:/www.instagram.com/
https://dbkpop.com/idol/minnie-gi-dle/,Minnie,Nicha Yontararak,니차 욘타라락,민니,1997-10-23,(G)I-DLE,Thailand,,0,0,,,,,https:/www.instagram.com/
https://dbkpop.com/idol/soyeon-gi-dle/,Soyeon,Jeon Soyeon,전소연,소연,1998-08-26,(G)I-DLE,South Korea,,157,42,,,,,https:/www.instagram.com/
https://dbkpop.com/idol/soojin-gi-dle/,Soojin,Seo Soojin,서수진,수진,1998-03-09,(G)I-DLE,South Korea,,0,0,,,,,https:/www.instagram.com/
https://dbkpop.com/idol/yuqi-gi-dle/,Yuqi,Song Yuqi,송우기,우기,1999-09-23,(G)I-DLE,China,,162,48,Beijing,,,,https:/www.instagram.com/
https://dbkpop.com/idol/shuhua-gi-dle/,Shuhua,Yeh Shuhua,예슈화,슈화,2000-01-06,(G)I-DLE,Taiwan,,161,45,,,,,https:/www.instagram.com/
,NC.A,Im Soeun,임소은,앤씨아,1996-10-07,UNI.T,South Korea,,0,0,Osan,,,,https:/www.instagram.com/
,Suji,Lee Suji,이수지,수지,1998-03-20,UNI.T,South Korea,,0,0,Busan,,The Ark,,https:/www.instagram.com/
,Yoonjo,Shin Yoonjo,신윤조,윤조,1992-12-14,UNI.T,South Korea,,0,0,Seoul,,Hello Venus,,https:/www.instagram.com/
,May,Jeong Chaeyoung,정채영,메이,2001-07-27,,South Korea,,0,0,,,NeonPunch,,https:/www.instagram.com/
,Terry,Han Dasom,한다솜,테리,1998-02-02,,South Korea,,0,0,,,NeonPunch,,https:/www.instagram.com/
,Minji,Kim Minji,김민지,민지,2001-01-16,Busters,South Korea,,0,0,,,,,https:/www.instagram.com/
,Minjung,Cha Minjung,차민정,민정,2004-07-15,,South Korea,,0,0,,,Busters,,https:/www.instagram.com/
,Jisoo,Jung Jisoo,정지수,지수,2003-11-22,Busters,South Korea,,0,0,,,,,https:/www.instagram.com/
,Chaeyeon,Kim Chaeyeon,김채연,채연,2004-12-04,Busters,South Korea,,0,0,,,,,https:/www.instagram.com/
,Hyeongseo,Myeong Hyeongseo,명형서,형서,2001-06-25,Busters,South Korea,,0,0,,,,,https:/www.instagram.com/
,Eunjin,Moon Eunjin,문은진,은진,1998-11-05,Highteen,South Korea,,0,0,,,,,https:/www.instagram.com/
,Hyejoo,Park Hyunjoo,박현주,혜주,1999-01-12,Highteen,South Korea,,0,0,,,,,https:/www.instagram.com/
,Hyebin,Im Hyebin,임혜빈,혜빈,1999-11-10,Highteen,South Korea,,0,0,,,,,https:/www.instagram.com/
,Sea,Kim Sujeong,김수정,세아,1999-12-05,Highteen,South Korea,,0,0,,,,,https:/www.instagram.com/
,Miya,Miyauchi Haruka,미야우치 하루카,미야,1993-05-26,GWSN,Japan,,0,0,,,,,https:/www.instagram.com/
,Seokyoung,Kim Seokyung,김서경,서경,1999-04-16,GWSN,South Korea,,0,0,,,,,https:/www.instagram.com/
,Seoryoung,Lee Seoryung,이서령,서령,2000-01-26,GWSN,South Korea,,0,0,,,,,https:/www.instagram.com/
,Anne,Lee Seoyoung,이서영,앤,2000-10-17,GWSN,South Korea,,0,0,,,,,https:/www.instagram.com/
,Minju,Kang Minjoo,강민주,민주,2001-03-11,GWSN,South Korea,,0,0,,,,,https:/www.instagram.com/
,Soso,Wang Chingyi,왕징이,소소,2001-03-14,GWSN,Taiwan,,0,0,,,,,https:/www.instagram.com/
,Lena,Kang Rena,강레나,레나,2002-04-17,GWSN,South Korea,,0,0,,,,,https:/www.instagram.com/
,Saebom,Kim Saerok,김새록,새봄,1997-01-30,NATURE,South Korea,,0,0,,,,,https:/www.instagram.com/
,Aurora,Yang Lan,양안,오로라,1997-01-14,NATURE,China,,0,0,,,,,https:/www.instagram.com/
,Lu,Im Hayoung,임하영,루,1997-12-03,NATURE,South Korea,,0,0,,,,,https:/www.instagram.com/
,Chaebin,Choi Yoobin,최유빈,채빈,1999-07-28,NATURE,South Korea,,0,0,,,,,https:/www.instagram.com/
,Gaga,Li Jia Jia,리 지아 지아,가가,1999-09-01,,China,,0,0,,,NATURE,,https:/www.instagram.com/
,Haru,Abe Haruno,아베 하루노,하루,2000-02-21,NATURE,Japan,,0,0,,,,,https:/www.instagram.com/
,Uchae,Yu Hyejun,유혜준,유채,2002-05-07,NATURE,South Korea,,0,0,,,,,https:/www.instagram.com/
,Sunshine,Kim Minjung,김민정,선샤인,2002-06-20,NATURE,South Korea,,0,0,,,,,https:/www.instagram.com/
,Jisun,Hwang Jisun,황지선,지선,1989-10-17,S#aFLA,South Korea,,165,46,,,"Girl's Day, New F.O",,https:/www.instagram.com/
,Suhyeon,Kim Seunghyun,김승현,수현,1988-04-19,S#aFLA,South Korea,,0,0,,,1PS,,https:/www.instagram.com/
,Seulgi,Jeong Seulgi,정슬기,슬기,1990-05-12,S#aFLA,South Korea,,0,0,,,,,https:/www.instagram.com/
,Yujin,Jeong Yujin,정유진,유진,1989-10-23,S#aFLA,South Korea,,0,0,,,D-Unit,,https:/www.instagram.com/
https://dbkpop.com/idol/kwon-eunbi-izone/,Eunbi,Kwon Eunbi,권은비,은비,1995-09-27,IZ*ONE,South Korea,,0,0,Seoul,,,,https:/www.instagram.com/
https://dbkpop.com/idol/miyawaki-sakura-izone/,Sakura,Miyawaki Sakura,미야와키 사쿠라,사쿠라,1998-03-19,IZ*ONE,Japan,,0,0,Kagoshima,,,,https:/www.instagram.com/
https://dbkpop.com/idol/hyewon-izone/,Hyewon,Kang Hyewon,강혜원,혜원,1999-07-05,IZ*ONE,South Korea,,0,0,Yangsan,,,,https:/www.instagram.com/
https://dbkpop.com/idol/yena-izone/,Yena,Choi Yena,최예나,예나,1999-09-29,IZ*ONE,South Korea,,0,0,Seoul,,,,https:/www.instagram.com/
https://dbkpop.com/idol/chaeyeon-izone/,Chaeyeon,Lee Chaeyeon,이채연,채연,2000-01-11,IZ*ONE,South Korea,,0,0,Yongin,,,,https:/www.instagram.com/
https://dbkpop.com/idol/chaewon-izone/,Chaewon,Kim Chaewon,김채원,채원,2000-08-01,IZ*ONE,South Korea,,0,0,Seoul,,,,https:/www.instagram.com/
https://dbkpop.com/idol/minjoo-izone/,Minjoo,Kim Minjoo,김민주,민주,2001-02-05,IZ*ONE,South Korea,,0,0,Seoul,,,,https:/www.instagram.com/
https://dbkpop.com/idol/nako-izone/,Nako,Yabuki Nako,야부키 나코,나코,2001-06-18,IZ*ONE,Japan,,0,0,Tokyo,,,,https:/www.instagram.com/
https://dbkpop.com/idol/hitomi-izone/,Hitomi,Honda Hitomi,혼다 히토미,히토미,2001-10-06,IZ*ONE,Japan,,0,0,Toghichi,,,,https:/www.instagram.com/
https://dbkpop.com/idol/yuri-izone/,Yuri,Jo Yuri,조유리,유리,2001-10-22,IZ*ONE,South Korea,,0,0,Busan,,,,https:/www.instagram.com/
https://dbkpop.com/idol/yujin-izone/,Yujin,Ahn Yujin,안유진,유진,2003-09-01,IVE,South Korea,,0,0,Cheongju,,IZ*ONE,,https:/www.instagram.com/
https://dbkpop.com/idol/wonyoung-izone/,Wonyoung,Jang Wonyoung,장원영,원영,2004-08-31,IVE,South Korea,,0,0,Seoul,,IZ*ONE,,https:/www.instagram.com/
https://dbkpop.com/idol/haeyoon-cherry-bullet/,Haeyoon,Park Haeyoon,박해윤,해윤,1996-01-10,Cherry Bullet,South Korea,,157,43,,,,,https:/www.instagram.com/
https://dbkpop.com/idol/yuju-cherry-bullet/,Yuju,Choi Yuju,최유주,유주,1997-03-05,Cherry Bullet,South Korea,,0,0,,,,,https:/www.instagram.com/
https://dbkpop.com/idol/mirae-cherry-bullet/,Ella,Kim Kyungjoo,김경주,엘라,1998-03-26,Pixy,South Korea,,0,0,,,Cherry Bullet,,https:/www.instagram.com/
https://dbkpop.com/idol/bora-cherry-bullet/,Bora,Kim Bora,김보라,보라,1999-03-03,Cherry Bullet,South Korea,,0,0,,,,,https:/www.instagram.com/
https://dbkpop.com/idol/jiwon-cherry-bullet/,Jiwon,Heo Jiwon,허지원,지원,2000-09-04,Cherry Bullet,South Korea,,0,0,,,,,https:/www.instagram.com/
https://dbkpop.com/idol/kokoro-cherry-bullet/,Kokoro,Kato Kokoro,카토 코코로,코코로,2000-11-01,,Japan,,0,0,,,Cherry Bullet,,https:/www.instagram.com/
https://dbkpop.com/idol/remi-cherry-bullet/,Remi,Katsuno Rise,카츠노 리세,레미,2001-04-26,Cherry Bullet,Japan,,0,0,,,,,https:/www.instagram.com/
https://dbkpop.com/idol/chaerin-cherry-bullet/,Chaerin,Park Chaerin,박채린,채린,2002-03-13,Cherry Bullet,South Korea,,0,0,,,,,https:/www.instagram.com/
https://dbkpop.com/idol/may-cherry-bullet/,May,Hirokawa Mao,히로카와 마오,메이,2004-11-16,Cherry Bullet,Japan,,0,0,,,,,https:/www.instagram.com/
https://dbkpop.com/idol/lin-lin-cherry-bullet/,Lin Lin,Huang Ziting,황자정,린린,2003-07-05,,Taiwan,,0,0,,,Cherry Bullet,,https:/www.instagram.com/
,Yerim,Jeong Yerim,정예림,예림,1997-03-10,Purplebeck,South Korea,,165,44,,,,,https:/www.instagram.com/
,Yeowool,Ha Yeowool,하여울,여울,1998-04-11,Purplebeck,South Korea,,163,46,,,,,https:/www.instagram.com/
,Layeon,Lee Jimin,이지민,라연,1998-08-13,Purplebeck,South Korea,,170,51,,,,,https:/www.instagram.com/
,Mini,,,민이,2000-06-12,Purplebeck,South Korea,,168,47,,,,,https:/www.instagram.com/
,Seyeon,Park Seyeon,박세연,세연,2001-05-06,Purplebeck,South Korea,,167,46,,,,,https:/www.instagram.com/
https://dbkpop.com/idol/yeji-itzy/,Yeji,Hwang Yeji,황예지,예지,2000-05-26,ITZY,South Korea,,0,0,,,,,https:/www.instagram.com/
https://dbkpop.com/idol/lia-itzy/,Lia,Choi Jisu,최지수,리아,2000-07-21,ITZY,South Korea,,0,0,,,,,https:/www.instagram.com/
https://dbkpop.com/idol/ryujin-itzy/,Ryujin,Shin Ryujin,신류진,류진,2001-04-17,ITZY,South Korea,,0,0,,,,,https:/www.instagram.com/
https://dbkpop.com/idol/chaeryeong-itzy/,Chaeryeong,Lee Chaeryeong,이채령,채령,2001-06-05,ITZY,South Korea,,0,0,,,,,https:/www.instagram.com/
https://dbkpop.com/idol/yuna-itzy/,Yuna,Shin Yuna,신유나,유나,2003-12-09,ITZY,South Korea,,0,0,,,,,https:/www.instagram.com/
,Youi,Kim Jihyeo,유아이,유아이,2000-04-24,Dreamnote,South Korea,,163,45,,,,,https:/www.instagram.com/
,Boni,Choi Euijeong,최의정,보니,1999-10-30,Dreamnote,South Korea,,160,45,,,,,https:/www.instagram.com/
,Lara,Moon Shinae,문신애,라라,2000-08-09,Dreamnote,South Korea,,161,44,,,,,https:/www.instagram.com/
,Miso,Jeon Jimin,전지민,미소,2000-10-25,Dreamnote,South Korea,,160,43,,,,,https:/www.instagram.com/
,Sumin,Park Sumin,박수민,수민,2001-09-09,Dreamnote,South Korea,,166,46,,,,,https:/www.instagram.com/
,Eunjo,Park Eunjo,박은조,은조,2002-03-07,Dreamnote,South Korea,,164,46,,,,,https:/www.instagram.com/
,Habin,Yoo Habin,유하빈,하빈,2002-03-10,,South Korea,,165,48,,,Dreamnote,,https:/www.instagram.com/
,Hanbyeol,Ahn Hanbyeol,안한별,한별,2003-10-13,,South Korea,,166,44,,,Dreamnote,,https:/www.instagram.com/
,Gaeul,Park Gaeul,박가을,가을,1999-05-08,Favorite,South Korea,,164,48,Seoul,,,,https:/www.instagram.com/
,Saebom,Kim Seyoung,김세영,새봄,1995-01-13,Favorite,South Korea,,0,0,Gwacheon,,,,https:/www.instagram.com/
,Seoyeon,Kim Minju,김민주,서연,1995-11-26,Favorite,South Korea,,0,0,Gwacheon,,,,https:/www.instagram.com/
,Sugyeong,Jo Sugyeong,조수경,수경,2000-01-12,Favorite,South Korea,,0,0,Haenam,,,,https:/www.instagram.com/
,Jeonghee,Go Jeonghee,고정희,정희,2000-03-11,Favorite,South Korea,,0,0,Incheon,,,,https:/www.instagram.com/
,Ahra,Go Ahra,고아라,아라,2001-02-21,Favorite,South Korea,,0,0,Yeosu,,,,https:/www.instagram.com/
,Dohee,Yoon Dohee,윤도희,도희,1999-09-24,,South Korea,,0,0,,,NeonPunch,,https:/www.instagram.com/
https://dbkpop.com/idol/eu-everglow/,E:U,Park Jiwon,박지원,이유,1998-05-19,Everglow,South Korea,,0,0,,,,,https:/www.instagram.com/
https://dbkpop.com/idol/sihyeon-everglow/,Sihyeon,Kim Sihyeon,김시현,시현,1999-08-05,Everglow,South Korea,,168,51,,,,,https:/www.instagram.com/
https://dbkpop.com/idol/mia-everglow/,Mia,Han Eunji,한은지,미아,2000-01-13,Everglow,South Korea,,0,0,,,,,https:/www.instagram.com/
https://dbkpop.com/idol/onda-everglow/,Onda,Jo Selim,조세림,온다,2000-05-18,Everglow,South Korea,,0,0,,,,,https:/www.instagram.com/
https://dbkpop.com/idol/aisha-everglow/,Aisha,Heo Yoorim,허유림,아샤,2000-07-21,Everglow,South Korea,,0,0,,,,,https:/www.instagram.com/
https://dbkpop.com/idol/yiren-everglow/,Yiren,Wang Yiren,왕이런,이런,2000-12-29,Everglow,China,,0,0,,,,,https:/www.instagram.com/
,Hyunji,Kim Hyunji,김현지,현지,1992-06-30,Hashtag,South Korea,,165,0,,,,,https:/www.instagram.com/
,Sua,Yang Sua,양수아,수아,1995-03-24,Hashtag,South Korea,,169,0,Gwangju,,,,https:/www.instagram.com/
,Dajeong,Kim Dajeong,김다정,다정,1995-08-08,Hashtag,South Korea,,170,0,Gwangju,,,,https:/www.instagram.com/
,Seungmin,Lee Seungmin,이승민,승민,1996-02-03,Hashtag,South Korea,,162,0,,,,,https:/www.instagram.com/
,Subin,Oh Subin,오수빈,수빈,1998-09-30,Hashtag,South Korea,,172,0,,,,,https:/www.instagram.com/
,Sojin,Hong Sojin,홍소진,소진,1999-09-24,Hashtag,South Korea,,163,0,,,,,https:/www.instagram.com/
,Aeji,Kwon Aeji,권애지,애지,1999-10-25,Hashtag,South Korea,,163,0,Daegu,,,,https:/www.instagram.com/
,Yiyeon,Jung Dasol,정다솔,이연,1995-05-28,BVNDIT,South Korea,,0,0,,,,,https:/www.instagram.com/
,Songhee,Yoon Songhee,윤송희,송희,1998-11-08,BVNDIT,South Korea,,0,0,,,,,https:/www.instagram.com/
,Jungwoo,Uhm Jungwoo,엄정우,정우,1999-04-02,BVNDIT,South Korea,,0,0,,,,,https:/www.instagram.com/
,Simyeong,Lee Simyeong,이시명,시명,1999-05-27,BVNDIT,South Korea,,0,0,,,,,https:/www.instagram.com/
,Seungeun,Shim Seungeun,심승은,승은,2000-12-27,BVNDIT,South Korea,,0,0,,,,,https:/www.instagram.com/
,Cheongeum,Jang Cheongeum,장청음,청음,1996-06-19,Ho1iday,South Korea,,0,0,,,,,https:/www.instagram.com/
,Saebyeok,Shim Jaeyoung,심재영,새벽,1996-11-09,Ho1iday,South Korea,,0,0,,,,,https:/www.instagram.com/
,Heejoo,Jeon Heejoo,전희주,희주,1996-11-30,Ho1iday,South Korea,,0,0,,,MyB,,https:/www.instagram.com/
,Haru,Lee Yoojeong,이유정,하루,1997-02-26,Ho1iday,South Korea,,164,0,,,MyB,,https:/www.instagram.com/
,Dany,Jeon Eunji,전은지,다니,1998-01-20,Ho1iday,South Korea,,0,0,,,,,https:/www.instagram.com/
,Yoonji,,,윤지,1998-07-21,Lusty,South Korea,,163,45,,,,"Rap, Leader",https:/www.instagram.com/
,Harin,,,하린,1995-11-21,Lusty,South Korea,,160,43,Seoul,,,Sub Vocal,https:/www.instagram.com/
,Jinhui,,,진희,1996-11-21,Lusty,South Korea,,160,42,Seongnam,,,Main Vocal,https:/www.instagram.com/
,Isol,,,이솔,1997-05-01,Lusty,South Korea,,166,48,Seoul,,,Main Vocal,https:/www.instagram.com/
,Yeryung,,,예령,2002-06-22,Lusty,South Korea,,169,49,Busan,,,Sub Vocal,https:/www.instagram.com/
,Juri,Takahashi Juri,타카하시 쥬리,쥬리,1997-10-03,Rocket Punch,Japan,,160,44,,,,,https:/www.instagram.com/
,Yeonhee,Kim Yeonhee,김연희,연희,2000-12-06,Rocket Punch,South Korea,,161,0,,,,,https:/www.instagram.com/
,Suyun,Kim Suyun,김수윤,수윤,2001-03-17,Rocket Punch,South Korea,,169,52,,,,,https:/www.instagram.com/
,Yunkyung,Seo Yunkyung,서윤경,윤경,2001-11-01,Rocket Punch,South Korea,,161,0,,,,,https:/www.instagram.com/
,Sohee,Kim Sohee,김소희,소희,2003-08-14,Rocket Punch,South Korea,,161,46,,,,,https:/www.instagram.com/
,Dahyun,Jeong Dahyun,정다현,다현,2005-04-29,Rocket Punch,South Korea,,160,0,,,,,https:/www.instagram.com/
,Yeseo,Kang Yeseo,강예서,예서,2005-08-22,Kep1er,South Korea,,157,0,,,Busters,,https:/www.instagram.com/
,Aini,Kim Heejung,김희정,아이니,1991-07-13,,South Korea,,163,44,,,Pink Fantasy,,https:/www.instagram.com/
,Seea,Kang Eunyoung,강은영,시아,1994-08-21,Pink Fantasy,South Korea,,160,43,,,,,https:/www.instagram.com/
,Yechan,Kim Yechan,김예찬,예찬,1995-11-26,Pink Fantasy,South Korea,,159,45,,,,,https:/www.instagram.com/
,Daewang Nim,Daewang Nim,대왕님,대왕님,1996-04-08,Pink Fantasy,South Korea,,162,49,,,,,https:/www.instagram.com/
,Sanga,Lee Sanga,이상아,상아,1999-08-05,,South Korea,,165,0,,,Pink Fantasy,,https:/www.instagram.com/
,Yubin,Cho Yubin,조유빈,유빈,1999-10-09,,South Korea,,156,40,,,Pink Fantasy,,https:/www.instagram.com/
,Harin,Park Guenhye,박근혜,하린,2000-05-26,Pink Fantasy,South Korea,,164,48,,,,,https:/www.instagram.com/
,Arang,Park Yerim,박예림,아랑,2001-01-22,Pink Fantasy,South Korea,,167,49,,,,,https:/www.instagram.com/
,Heesun,Park Heesun,박희선,희선,2005-01-25,Pink Fantasy,South Korea,,162,45,,,,,https:/www.instagram.com/
,Lina,Oh Sejin,오세진,리나,1997-07-27,ANS,South Korea,,0,0,,,,,https:/www.instagram.com/
,Royeon,Jeon Hyunjoo, 전현주,로연,1998-02-20,ANS,South Korea,,0,0,,,,,https:/www.instagram.com/
,Dalyn,Lee Sohyun,이소현,달린,1999-08-27,ANS,South Korea,,0,0,,,,,https:/www.instagram.com/
,Raon,Lee Seoyoung,이서영,라온,2000-01-21,ANS,South Korea,,0,0,,,,,https:/www.instagram.com/
,Bian,Yu Jiwon,유지원,비안,2001-02-13,MAJORS,South Korea,,0,0,,,ANS,,https:/www.instagram.com/
,Dami,Hong Dayoung,홍다영,담이,2001-06-07,ANS,South Korea,,0,0,,,,,https:/www.instagram.com/
,Doi,Kim Doi,김도이,도이,1994-04-12,FANATICS,South Korea,,170,0,,,,,https:/www.instagram.com/
,Sika,Ren Shika,렌 시카,시카,1995-08-22,FANATICS,China,,165,0,,,,,https:/www.instagram.com/
,Chaelin,Lee Chaelin,이채린,채린,1999-10-20,FANATICS,South Korea,,162,47,,,,,https:/www.instagram.com/
,Chiayi,Li Chiayi,지아이,지아이,2000-01-22,FANATICS,Taiwan,,164,0,,FANATICS FLAVOR,,,https:/www.instagram.com/
,Yoonhye,Jung Yoonhye,정윤혜,윤혜,2001-10-04,FANATICS,South Korea,,173,0,,FANATICS FLAVOR,,,https:/www.instagram.com/
,Doah,Kim Doah,김도아,도아,2003-12-04,FANATICS,South Korea,,163,42,,FANATICS FLAVOR,,,https:/www.instagram.com/
,Loha,Kang Yejin,강예진,로하,2001-12-27,Nature,South Korea,,171,0,,,,,https:/www.instagram.com/
,Yunji,Kim Yunji,김윤지,윤지,1996-08-26,ARIAZ,South Korea,,0,0,,,,,https:/www.instagram.com/
,Dawon,Lee Dawon,이다원,다원,1996-12-02,ARIAZ,South Korea,,0,0,,,,,https:/www.instagram.com/
,Sihyeon,Kang Sihyeon,강시현,시현,1998-07-15,ARIAZ,South Korea,,0,0,,,,,https:/www.instagram.com/
,Yeori,Choi Yeori,최여리,여리,1999-09-08,ARIAZ,South Korea,,0,0,,,,,https:/www.instagram.com/
,Hyogyeong,Jang Hyogyeong,장효경,효경,1999-11-15,ARIAZ,South Korea,,0,0,,,,,https:/www.instagram.com/
,Jueun,Jo Jueun,조주은,주은,2001-01-27,ARIAZ,South Korea,,0,0,,,,,https:/www.instagram.com/
,Yurim,Park Yurim,박유림,유림,1998-04-13,3YE,South Korea,,164,0,,,Apple.B,,https:/www.instagram.com/
,Yuji,Son Yuji,손유지,유지,1998-11-25,3YE,South Korea,,160,45,,,Apple.B,,https:/www.instagram.com/
,Haeun,Yoon Haeun,윤하은,하은,1999-03-12,3YE,South Korea,,163,0,,,Apple.B,,https:/www.instagram.com/
,J,Lee Yeji,이예지,제이,1998-02-12,ANS,South Korea,,0,0,,,,,https:/www.instagram.com/
,Haena,Jeon Eunbi,전은비,해나,2002-02-19,ANS,South Korea,,0,0,,,,,https:/www.instagram.com/
,Kiara,Baek Jinjoo,백진주,키아라,1998-08-20,,South Korea,,0,0,,,,,https:/www.instagram.com/
,Semi,Gu Semi,구세미,세미,2002-04-10,Cignature,South Korea,,166,46,,,,,https:/www.instagram.com/
,Seline,Jung Yeonjeong,정연정,셀린,2000-06-20,Cignature,South Korea,,0,0,,,,,https:/www.instagram.com/
,Bada,Kim Bada,김바다,바다,2002-05-28,Hinapia,South Korea,,162,49,,,,,https:/www.instagram.com/
,AleXa,Kim Seri,김세리,알렉사,1996-12-06,,USA,,0,0,,,,,https:/www.instagram.com/
,Della,Park Sehyun,박세현,델라,1995-09-03,Rockit Girl,South Korea,,0,0,,,,,https:/www.instagram.com/
,Han Leeseul,Han Jiyoon,한지윤,한이슬,2000-02-12,Rockit Girl,South Korea,,0,0,,,,,https:/www.instagram.com/
,BIBI,Kim Hyungseo,김형서,비비,1998-09-27,,South Korea,,0,0,,,,,https:/www.instagram.com/
,Woo-ah,Kim Chaewon,김채원,우아,1997-06-20,CRAXY,South Korea,,0,0,,,,,https:/www.instagram.com/
,Karin,Baek Yerin,백예린,카린,2000-04-23,CRAXY,South Korea,,0,0,,,,,https:/www.instagram.com/
,Hyejin,Kang Hyejin,강혜진,혜진,2000-07-13,CRAXY,South Korea,,0,0,,,,,https:/www.instagram.com/
,Swan,Kim Suan,김수안,수안,2000-12-28,CRAXY,South Korea,,0,0,,,,,https:/www.instagram.com/
,ChaeY,Song Chaeyeon,송채연,채이,2003-01-06,CRAXY,South Korea,,0,0,,,,,https:/www.instagram.com/
,Lina,Oh Hyesoo,오혜수,리나,1997-05-23,RedSquare,South Korea,,0,0,,,,,https:/www.instagram.com/
,Nana,Kwon Nayeon,권나연,나나,2001-03-09,woo!ah!,South Korea,,0,0,,,,"Leader, Main Dancer",https:/www.instagram.com/
,Wooyeon,Park Jinkyung,박진경,우연,2003-02-11,woo!ah!,South Korea,,0,0,,,,Vocalist,https:/www.instagram.com/
,Sora,Sakata Sora,사카타 소라,소라,2003-08-30,woo!ah!,Japan,,0,0,,,,Vocalist,https:/www.instagram.com/
,Lucy,Kim Daeun,김대은,루시,2004-04-09,woo!ah!,South Korea,,0,0,,,,"Rapper, Vocalist",https:/www.instagram.com/
,Minseo,Kim Minseo,김민서,민서,2004-08-12,woo!ah!,South Korea,,0,0,,,,"Vocalist, Dancer",https:/www.instagram.com/
,Songyee,Park Songyee,박송이,송이,2004-09-25,,South Korea,,0,0,,,woo!ah!,Main Rapper,https:/www.instagram.com/
https://dbkpop.com/idol/lea-secret-number,Lea,Ogawa Mizuki,오가와 미즈키,레아,1995-08-12,SECRET NUMBER,Japan,,169,0,Tokyo,,Skarf,,https:/www.instagram.com/
,Dita,Dita Karang,디타 가랑,디타,1996-12-25,SECRET NUMBER,Indonesia,,0,0,Yogyakarta,,,,https:/www.instagram.com/
,Jinny,Park Jinhee,박진희,지니,1998-01-19,SECRET NUMBER,South Korea,USA,0,0,California,,,,https:/www.instagram.com/
,Soodam,Lee Soodam,이수담,수담,1999-11-09,SECRET NUMBER,South Korea,,0,0,,,,,https:/www.instagram.com/
,Denise,Kim Denise,김데니스,데니스,2001-01-11,SECRET NUMBER,South Korea,USA,0,0,,,,,https:/www.instagram.com/
https://dbkpop.com/idol/lee-soojin-weeekly/,Soojin,Lee Soojin,이수진,수진,2001-12-12,Weeekly,South Korea,,165,0,,,,"Leader, Main Dancer, Sub Vocal",https:/www.instagram.com/
https://dbkpop.com/idol/shin-jiyoon-weeekly/,Jiyoon,Shin Jiyoon,신지윤,지윤,2002-03-02,Weeekly,South Korea,,0,0,,,,"Lead Vocal, Lead Dancer",https:/www.instagram.com/
https://dbkpop.com/idol/monday-weeekly/,Monday,Kim Jimin,김지민,먼데이,2002-05-10,Weeekly,South Korea,,172,0,,,,"Main Vocal, Main Dancer",https:/www.instagram.com/
https://dbkpop.com/idol/park-soeun-weeekly/,Soeun,Park Soeun,박소은,소은,2002-10-26,Weeekly,South Korea,,168,0,,,,"Lead Vocal, Lead Dancer",https:/www.instagram.com/
https://dbkpop.com/idol/lee-jaehee-weeekly/,Jaehee,Lee Jaehee,이재희,재희,2004-03-18,Weeekly,South Korea,,166,0,,,,"Rapper, Sub Vocal",https:/www.instagram.com/
https://dbkpop.com/idol/jihan-weeekly/,Jihan,Han Jihyo,한지효,지한,2004-07-12,Weeekly,South Korea,,0,0,,,,Lead Vocal,https:/www.instagram.com/
https://dbkpop.com/idol/zoa-weeekly/,Zoa,Cho Hyewon,조혜원,조아,2005-05-31,Weeekly,South Korea,,170,0,,,,"Rapper, Sub Vocal",https:/www.instagram.com/
,Areum,Kim Daun,김다운,아름,1998-01-31,AREAL,South Korea,,0,0,,,Rose Finger,,https:/www.instagram.com/
,Hyebin,Kim Hyebin,김혜빈,혜빈,1997-03-29,AREAL,South Korea,,0,0,,,Rose Finger,,https:/www.instagram.com/
,Segye,Shin Segye,신세계,세계,1998-08-19,AREAL,South Korea,,0,0,,,Rose Finger,,https:/www.instagram.com/
,Dabi,Park Jiwon,박지원,다비,2000-01-19,AREAL,South Korea,,0,0,,,MIDNIGHT,,https:/www.instagram.com/
,Eyedi,Nam Yujin,남유진,아이디,1995-12-08,,South Korea,,0,0,,,,,https:/www.instagram.com/
,Haneul,Choi Haneul,최하늘,하늘,2000-11-28,Saturday,South Korea,,158,43,,,,,https:/www.instagram.com/
,Juyeon,Lee Juyeon,이주연,주연,2001-11-06,Saturday,South Korea,,164,44,,,,,https:/www.instagram.com/
,Yuki,Lim Jiyeon,임지연,유키,2002-01-30,Saturday,South Korea,,161,44,,,,,https:/www.instagram.com/
,Ayeon,Son Minji,손민지,아연,2002-09-29,Saturday,South Korea,,162,47,,,,,https:/www.instagram.com/
,Minseo,Park Minseo,박민서,민서,2003-03-21,Saturday,South Korea,,163,45,,,,,https:/www.instagram.com/
,Jieun,Park Jieun,박지은,지은,1997-09-04,Purple Kiss,South Korea,,166,49,,,,,https:/www.instagram.com/
,Goeun,Na Goeun,나고은,고은,1999-09-03,Purple Kiss,South Korea,,160,44,,,,,https:/www.instagram.com/
,Dosie,Jang Eunseung,장은성,도시,2000-02-11,Purple Kiss,South Korea,,0,0,,,,,https:/www.instagram.com/
,Ireh,Cho Seoyoung,조서영,이레,2002-04-30,Purple Kiss,South Korea,,0,0,,,,,https:/www.instagram.com/
,Yuki,Mori Koyuki,모리 코유키,유키,2002-11-06,Purple Kiss,Japan,,0,0,,,,,https:/www.instagram.com/
,Chaein,Lee Chaeyoung,이채영,채인,2002-12-05,Purple Kiss,South Korea,,0,0,,,,,https:/www.instagram.com/
,Swan,Park Soojin,박수진,수안,2003-07-11,Purple Kiss,South Korea,,0,0,,,,,https:/www.instagram.com/
,EunB,Shin Eunbi,신은비,은비,2000-09-17,Maka Maka,South Korea,,0,0,,,Lip Bubble,,https:/www.instagram.com/
,Heesu,Kim Heesu,김희수,희수,1998-03-24,Maka Maka,South Korea,,0,0,,,,,https:/www.instagram.com/
,Daseul,Yang Daseul,양다슬,다슬,2000-09-14,Maka Maka,South Korea,,0,0,,,,,https:/www.instagram.com/
,Chaewon,Lee Chaewon,이채원,채원,2000-03-18,Maka Maka,South Korea,,0,0,,,,,https:/www.instagram.com/
,Dia,Kwak Minnyeong,곽민녕,디아,1999-09-03,Maka Maka,South Korea,,0,0,,,,,https:/www.instagram.com/
,EunB,Byun Eunbi,변은비,은비,2000-11-23,PRECIOUS,South Korea,,164,49,Busan,,,,https:/www.instagram.com/
,Jihyo,Lee Jihyo,이지효,지효,2001-04-22,PRECIOUS,South Korea,,166,49,Gyeonggi,,,,https:/www.instagram.com/
,Hanwoom,Byun Hanwoom,변한움,한움,2001-06-05,PRECIOUS,South Korea,,160,43,Seoul,,,,https:/www.instagram.com/
,Lee Soo,Jin Isoo,진이수,이수,2001-06-27,PRECIOUS,South Korea,,163,47,Incheon,,,,https:/www.instagram.com/
,Hanbyul,Kyung Hanbyul,경한별,한별,2005-07-01,PRECIOUS,South Korea,,167,49,Seoul,,,,https:/www.instagram.com/
,Seoyoon,Kim Suyoung,김수영,서윤,1995-01-26,BOTOPASS,South Korea,,0,0,,,ILUV,,https:/www.instagram.com/
,Cui Xiang,Cui Xiang,최상,최상,1995-01-26,BOTOPASS,China,,0,0,,,ILUV,,https:/www.instagram.com/
,Jiwon,Park Jiwon,박지원,지원,1997-03-17,BOTOPASS,South Korea,,165,45,,,ILUV,,https:/www.instagram.com/
,Ria,Kuwayama Ria,쿠와야마 리아,리아,1998-02-03,BOTOPASS,Japan,,0,0,,,,,https:/www.instagram.com/
,Mihee,Lee Mihee,이미희,미희,2000-08-24,BOTOPASS,South Korea,,0,0,,,,,https:/www.instagram.com/
,Harin,Seo Harin,서하린,하린,2000-12-07,BOTOPASS,South Korea,,0,0,,,,,https:/www.instagram.com/
,Shiho,Kwon Subin,권수빈,시호,2001-08-22,BOTOPASS,South Korea,,0,0,,,,,https:/www.instagram.com/
,Ahyoon,Choi Subin,최수빈,아윤,2004-10-23,BOTOPASS,South Korea,,0,0,,,,,https:/www.instagram.com/
,Eseo,Noh Hyunjung,노현정,이서,1996-03-04,LUNARSOLAR,South Korea,,161,0,,,,,https:/www.instagram.com/
,Taeryeong,Lim Jeongmin,임정민,태령,2000-12-27,LUNARSOLAR,South Korea,,0,0,,,,,https:/www.instagram.com/
,Jian,Kwon Jieun,권지은,지안,2001-03-14,LUNARSOLAR,South Korea,,0,0,,,S.E.T,,https:/www.instagram.com/
,Yuuri,Tokunaga Yuuri,도쿠나가 유우리,유우리,2001-05-16,LUNARSOLAR,Japan,,0,0,,,,,https:/www.instagram.com/
,Sieun,Lee Sieun,이시은,시은,1993-09-19,CHECKMATE,South Korea,,163,0,,,,,https:/www.instagram.com/
,Suri,Kang Suri,강수리,수리,1994-10-11,CHECKMATE,South Korea,,168,0,,,,,https:/www.instagram.com/
https://dbkpop.com/idol/karina-aespa/,Karina,Yoo Jimin,유지민,카리나,2000-04-11,aespa,South Korea,,167,45,Gyeonggi,,,,https:/www.instagram.com/
https://dbkpop.com/idol/giselle-aespa/,Giselle,Uchinaga Aeri,우치나가 애리,지젤,2000-10-30,aespa,Japan,,166,0,,,,,https:/www.instagram.com/
https://dbkpop.com/idol/winter-aespa/,Winter,Kim Minjung,김민정,윈터,2001-01-01,aespa,South Korea,,0,0,Yangsan,,,,https:/www.instagram.com/
https://dbkpop.com/idol/ningning-aespa/,Ningning,Ning Yizhuo,닝이쭤,닝닝,2002-10-23,aespa,China,,165,43,Harbin,,,,https:/www.instagram.com/
,Juhyun,Cha Juhyun,차주현,주현,2000-04-01,Bling Bling,South Korea,,0,0,,,,,https:/www.instagram.com/
,Ayamy,Suzuki Ayami,스즈키 아야미,아야미,2000-07-15,Bling Bling,Japan,,0,0,,,,,https:/www.instagram.com/
,Jieun,Choi Jieun,최지은,지은,2001-03-03,Bling Bling,South Korea,,0,0,,,,,https:/www.instagram.com/
,Marin,Yasufuku Marin,야스후쿠 마린,마린,2001-03-17,Bling Bling,Japan,,0,0,Osaka,,,,https:/www.instagram.com/
,Narin,Lee Narin,이나린,나린,2001-10-29,Bling Bling,South Korea,,0,0,,,,,https:/www.instagram.com/
,Yubin,Kim Yubin,김유빈,유빈,2002-02-27,Bling Bling,South Korea,,166,47,,,,,https:/www.instagram.com/
,Sumin,Bae Sumin,배수민,수민,2001-03-13,STAYC,South Korea,,0,0,,,,,https:/www.instagram.com/
,Sieun,Park Sieun,박시은,시은,2001-08-01,STAYC,South Korea,,0,0,,,,,https:/www.instagram.com/
,Isa,Lee Chaeyoung,이채영,아이사,2002-01-23,STAYC,South Korea,,0,0,,,,,https:/www.instagram.com/
,Seeun,Yoon Seeun,윤세은,세은,2003-06-14,STAYC,South Korea,,0,0,,,,,https:/www.instagram.com/
,Yoon,Shim Jayoon,심자윤,윤,2004-04-14,STAYC,South Korea,,0,0,,,,,https:/www.instagram.com/
,J,Jang Yeeun,장예은,제이,2004-12-09,STAYC,South Korea,,0,0,,,,,https:/www.instagram.com/
,SongSun,Kim Songsun,김송선,송선,1997-03-22,TRI.BE,South Korea,,0,0,,,,,https:/www.instagram.com/
,Kelly,Lin Kelly,린 켈리,켈리,2002-01-16,TRI.BE,Taiwan,,0,0,Kaohsiung,,,,https:/www.instagram.com/
,Jinha,Kim Jinha,김진하,진하,2003-11-21,TRI.BE,South Korea,,0,0,,,,,https:/www.instagram.com/
,Hyunbin,Kim Hyunbin,김현빈‬,현빈‬,2004-05-26,TRI.BE,South Korea,,0,0,,,,,https:/www.instagram.com/
,Jia,Guo Jiajia,궈 지아지아,지아,2005-07-30,TRI.BE,China,,0,0,,,,,https:/www.instagram.com/
,Soeun,Bang Soeun,방소은,소은,2005-12-10,TRI.BE,South Korea,,0,0,,,,,https:/www.instagram.com/
,Mire,Su Mire,수미레,미레,2006-03-26,TRI.BE,Japan,,0,0,,,,,https:/www.instagram.com/
,Lola,Choi Yoojung,최유정,로라,2001-02-22,Pixy,South Korea,,169,0,,,,,https:/www.instagram.com/
,Satbyeol,Jeon Yujin,전유진,샛별,2001-02-27,Pixy,South Korea,,165,0,,,Girls Alert,,https:/www.instagram.com/
,Dia,Choi Eunji,최은지,디아,2001-07-16,Pixy,South Korea,,165,0,,,,,https:/www.instagram.com/
,Sua,Choi Sooah,최수아,수아,2003-02-24,Pixy,South Korea,,162,44,,,,,https:/www.instagram.com/
,Dajeong,Jung Dajeong,정다정,다정,2003-07-31,Pixy,South Korea,,157,42,,,,,https:/www.instagram.com/
,Sangah,Yoo Sangah,윤상아,상아,2002-09-04,LIGHTSUM,South Korea,,168,0,,,,,https:/www.instagram.com/
,Chowon,Han Chowon,한초원,초원,2002-09-16,LIGHTSUM,South Korea,,168,50,Seoul,,,,https:/www.instagram.com/
,Nayoung,Kim Nayoung,김나영,나영,2002-11-30,LIGHTSUM,South Korea,,154,43,Chuncheon,,,,https:/www.instagram.com/
,Hina,,,히나,2003-04-07,LIGHTSUM,Japan,,0,0,,,,,https:/www.instagram.com/
,Juhyeon,Lee Juhyeon,이주현,주현,2004-04-08,LIGHTSUM,South Korea,,171,48,,,,,https:/www.instagram.com/
,Yujeong,Lee Yujeong,이유정,유정,2004-06-14,LIGHTSUM,South Korea,,160,41,,,,,https:/www.instagram.com/
,Huiyeon,Oh Huiyeon,오휘연,휘연,2005-08-01,LIGHTSUM,South Korea,,0,0,,,,,https:/www.instagram.com/
,Jian,Kim Jian,김지안,지안,2006-11-04,LIGHTSUM,South Korea,,0,0,,,,,https:/www.instagram.com/
,Ida,Ko Chaeyoung,고채영,아이다,2000-05-19,MAJORS,South Korea,,163,43,,,,,https:/www.instagram.com/
,Vita,Kim Jimin,김지민,비타,2000-02-03,MAJORS,South Korea,,168,54,,,,,https:/www.instagram.com/
,Aki,Jang Minju,장민주,아키,2001-02-12,MAJORS,South Korea,,168,48,,,,,https:/www.instagram.com/
,Suzy,Kim Suji,김수지,수지,2001-06-03,MAJORS,South Korea,,164,45,,,,,https:/www.instagram.com/
,Shinye,Kam Yerim,감예림,신예,2004-03-07,MAJORS,South Korea,,166,46,,,,,https:/www.instagram.com/
,Mayna,Shaoxi Mengna,,메이나,2000-05-12,HOT ISSUE,China,Romania,170,47,,,,,https:/www.instagram.com/
,Nahyun,Kang Nahyun,강나현,나현,2002-01-25,HOT ISSUE,South Korea,,0,0,,,,,https:/www.instagram.com/
,Hyeongshin,Kim Hyungshin,김형신,형신,2002-05-03,HOT ISSUE,South Korea,,0,0,,,,,https:/www.instagram.com/
,Dana,Jang Dana,장다나,다나,2003-12-25,HOT ISSUE,South Korea,,0,0,,,,,https:/www.instagram.com/
,Yewon,Park Yewon,박예원,예원,2004-01-11,HOT ISSUE,South Korea,,0,0,,,,,https:/www.instagram.com/
,Yebin,Kim Yebin,김예빈,예빈,2004-11-01,HOT ISSUE,South Korea,,0,0,,,,,https:/www.instagram.com/
,Dain,Jung Dain,정다인,다인,2004-12-15,HOT ISSUE,South Korea,,0,0,,,,,https:/www.instagram.com/
,Momoka,Matsuda Momoka,마쓰다 모모카,모모카,2000-12-26,Pink Fantasy,Japan,,152,0,,,,,https:/www.instagram.com/
,Miku,Katae Miku,카타에 미쿠,미쿠,2002-10-09,Pink Fantasy,Japan,,0,0,,,,,https:/www.instagram.com/
,Mint,Kunpat Phonpawiworakun,쿤팟 퍼언빠위워라쿤,민트,1994-06-23,Tiny-G,Thailand,,150,42,,,,,https:/www.instagram.com/
,Dohee,Min Dohee,민도희,도희,1994-09-25,Tiny-G,South Korea,,152,39,,,,,https:/www.instagram.com/
,J.Min,Shin Minjung,신민정,제이민,1994-11-20,Tiny-G,South Korea,,155,0,,,,,https:/www.instagram.com/
,Myungji,Kim Myungji,김명지,명지,1997-10-09,Tiny-G,South Korea,,164,0,,,,,https:/www.instagram.com/
,E.Ji,Choi Jiwon,최지원,이지,2000-11-08,ICHILLIN',South Korea,,0,0,,,,,https:/www.instagram.com/
,Jackie,Kang Chaeyeon,강채연,재키,2001-11-17,ICHILLIN',South Korea,USA,0,0,Los Angeles,,,,https:/www.instagram.com/
,Joonie,Park Junhee,박준희,주니,2002-05-24,ICHILLIN',South Korea,,0,0,,,,,https:/www.instagram.com/
,Chaerin,Park Chaerin,박채린,채린,2003-03-31,ICHILLIN',South Korea,,0,0,,,,,https:/www.instagram.com/
,Sohee,Uhm Sohee,음소희,소희,2004-01-01,ICHILLIN',South Korea,,0,0,,,,,https:/www.instagram.com/
,Yeju,Kim Yeju,김예주,예주,2004-02-01,ICHILLIN',South Korea,,0,0,,,,,https:/www.instagram.com/
,Chowon,Kim Chowon,김초원,초원,2005-08-18,ICHILLIN',South Korea,,0,0,,,,,https:/www.instagram.com/
,Eunchae,Son Eunchae,손은채,은채,1999-10-06,bugAboo,South Korea,,154,38,Pohang,,,,https:/www.instagram.com/
,Yoona,Ogura Yuuna,오구라 유우나,유우나,2000-10-13,bugAboo,Japan,,0,0,Sapporo,,,,https:/www.instagram.com/
,Rainie,Chu Chingyu,주칭위,레이니,2000-11-16,bugAboo,Taiwan,,0,0,,,,,https:/www.instagram.com/
,Cyan,Lee Chaeeun,이채은,시안,2001-04-04,bugAboo,South Korea,,0,0,Sanbon,,,,https:/www.instagram.com/
,Choyeon,Kim Choyeon,김초연,초연,2001-08-01,bugAboo,South Korea,,164,44,,,,,https:/www.instagram.com/
,Zin,Jin Hyunbin,진현빈,지인,2001-08-31,bugAboo,South Korea,,0,0,,,,,https:/www.instagram.com/
,Moon Sua,Moon Sua,문수아,문수아,1999-09-09,Billlie,South Korea,,167,47,Cheongju,,,,https:/www.instagram.com/
,Suhyeon,Kim Suhyun,김수현,수현,2000-01-15,Billlie,South Korea,,161,45,Daegu,,,,https:/www.instagram.com/
,Haram,Kim Haram,김하람,하람,2001-01-13,Billlie,South Korea,,161,45,,,,,https:/www.instagram.com/
,Tsuki,Fukutomi Tsuki,후쿠토미 츠키,츠키,2002-09-21,Billlie,Japan,,0,0,,,,,https:/www.instagram.com/
,Siyoon,Kim Siyoon,김시윤,시윤,2005-02-16,Billlie,South Korea,,168,0,,,,,https:/www.instagram.com/
,Haruna,Osato Haruna,오사토 하루나,하루나,2006-01-30,Billlie,Japan,,0,0,,,,,https:/www.instagram.com/
,Youngheun,Go Youngheun,고영흔,영흔,1994-11-20,Blackswan,South Korea,,0,0,,,,,https:/www.instagram.com/
,Fatou,Fatou Samba,파투 삼바,파투,1995-03-23,Blackswan,Belgium,Senegal,173,0,Yoff,,,,https:/www.instagram.com/
,Judy,Kim Dahye,김다혜,주디,1995-05-16,Blackswan,South Korea,,0,0,,,,,https:/www.instagram.com/
,Leia,Larissa Kartes,라리사 카르치스,레아,2001-05-14,Blackswan,Brazil,Japan,0,0,Curitiba,,,,https:/www.instagram.com/
,Lee Jin,Shim Yerin,심예린,이진,2001-03-12,Hi-L,South Korea,,0,0,,,,,https:/www.instagram.com/
,Soojung,Hwang Soojung,황수정,수정,2001-05-10,Hi-L,South Korea,,169,47,Yongin,,,,https:/www.instagram.com/
,Dakyung,Jung Dakyung,정다경,다경,2001-07-23,Hi-L,South Korea,,0,0,,,,,https:/www.instagram.com/
,JooA,Lee Juhyun,이주현,주아,2002-03-04,Hi-L,South Korea,,173,0,,,,,https:/www.instagram.com/
,Hayun,Choi Hayun,최하윤,하윤,2004-01-16,Hi-L,South Korea,,0,0,Seoul,,,,https:/www.instagram.com/
,Yeseul,Kim Yeseul,김예슬,예슬,2004-03-24,Hi-L,South Korea,,0,0,,,,,https:/www.instagram.com/
,Sullyoon,Seol Yoona,설윤아,설윤,2004-01-26,NMIXX,South Korea,,0,0,,,,,https:/www.instagram.com/
,Jinni,Choi Yujin,최윤진,지니,2004-04-16,NMIXX,South Korea,,0,0,,,,,https:/www.instagram.com/
,Bae,Bae Jinsol,배진솔,배이,2004-12-28,NMIXX,South Korea,,0,0,,,,,https:/www.instagram.com/
,Jiwoo,Kim Jiwoo,김지우,지우,2005-04-13,NMIXX,South Korea,,0,0,,,,,https:/www.instagram.com/
,Kyujin,Jang Kyujin,장규진,규진,2006-05-26,NMIXX,South Korea,,0,0,,,,,https:/www.instagram.com/
,Mashiro,Sakamoto Mashiro,사카모토 마시로,마시로,1999-12-16,Kep1er,Japan,,157,0,,,,,https:/www.instagram.com/
,Hikaru,Ezaki Hikaru,에자키 히카루,히카루,2004-03-12,Kep1er,Japan,,155,0,,,,,https:/www.instagram.com/
,Youngeun,Seo Youngeun,서영은,영은,2004-12-27,Kep1er,South Korea,,159,0,,,,,https:/www.instagram.com/
,Dayeon,Kim Dayeon,김다연,다연,2003-03-02,Kep1er,South Korea,,158,0,,,,,https:/www.instagram.com/
,Chaehyun,Kim Chaehyun,김채현,채현,2002-04-26,Kep1er,South Korea,,160,0,,,,,https:/www.instagram.com/
,Bahiyyih,Huening Bahiyyih,휴닝바히에,바히에,2004-07-27,Kep1er,USA,South Korea,166,0,,,,,https:/www.instagram.com/
,Xiao Ting,Shen Xiao Ting,션샤오팅,샤오팅,1999-11-12,Kep1er,China,,168,0,,,,,https:/www.instagram.com/
,Sheon,Kim Suyeon,김수연,션,2003-01-28,Billlie,South Korea,,162,0,,,,,https:/www.instagram.com/
,Gaeul,Kim Gaeul,김가을,가을,2002-09-24,IVE,South Korea,,166,46,Incheon,,,,https:/www.instagram.com/
,Rei,Naoi Rei,나오이 레이,레이,2004-02-03,IVE,Japan,,169,47,,,,,https:/www.instagram.com/
,Liz,Kim Jiwon,김지원,리즈,2004-11-21,IVE,South Korea,,170,49,,,,,https:/www.instagram.com/
,Leeseo,Lee Hyunseo,이현서,이서,2007-02-21,IVE,South Korea,,170,48,,,,,https:/www.instagram.com/
,Sitala,Sitala Wongkrachang,시탈라 웡크라창,시탈라,,H1-KEY,Thailand,,173,0,,,,,https:/www.instagram.com/
,Seoi,Lee Yejin,이예진,서이,2000-02-12,H1-KEY,South Korea,,169,0,,,,,https:/www.instagram.com/
,Riina,Lee Seunghyeon,이승현,리이나,2001-02-21,H1-KEY,South Korea,,172,55,,,,,https:/www.instagram.com/
,Yel,Han Shinyoung,한신영,옐,2004-12-25,H1-KEY,South Korea,,172,0,,,,,https:/www.instagram.com/
,Hana,Hayase Hana,하야세 하나,하나,2000-02-27,ILY:1,Japan,,165,0,,,,,https:/www.instagram.com/
,Ara,Lee Yunji,이윤지,아라,2002-01-23,ILY:1,South Korea,,158,0,,,,,https:/www.instagram.com/
,Rona,Chang Ching,장찡,로나,2002-06-05,ILY:1,Taiwan,,165,0,Taipei,,,,https:/www.instagram.com/
,Ririka,Kishida Ririka,키시다 리리카,리리카,2002-07-02,ILY:1,Japan,,162,0,,,,,https:/www.instagram.com/
,Nayu,Kim Yewon,김예원,나유,2002-07-23,ILY:1,South Korea,,0,0,,,,,https:/www.instagram.com/
,Elva,Lee Yonghwa,이용화,엘바,2003-05-05,ILY:1,South Korea,,0,0,,,,,https:/www.instagram.com/
,Lily,Lily Jin Morrow,릴리 진 머로우,릴리,2002-10-17,NMIXX,Australia,South Korea,0,0,Marysville,,,,https:/www.instagram.com/
,Haewon,Oh Haewon,오해원,해원,2003-02-25,NMIXX,South Korea,,0,0,,,,,https:/www.instagram.com/
